sample_index,true_crop,predicted_crop,predicted_probability,true_crop_probability,true_crop_rank,in_top_3,in_top_5,top_alternative,state,season,soil_ph,rainfall_season,temperature_mean,error_category
0,Urad,Groundnut,0.1161,0.0705,9,False,False,Rice,Uttar Pradesh,Kharif,7.98,432.7,29.0,Severe pedological / environmental divergence
2,Cotton,Urad,0.1354,0.0701,9,False,False,Rice,Madhya Pradesh,Kharif,6.55,723.4,28.8,Severe pedological / environmental divergence
3,Sesamum,Pearl Millet,0.1782,0.0812,5,False,True,Rice,Punjab,Kharif,8.17,383.3,29.8,Moderate ecological ambiguity (Top-5 compatible)
4,Sesamum,Pigeonpea,0.1386,0.0986,4,False,True,Rice,Punjab,Kharif,5.83,302.2,28.4,Moderate ecological ambiguity (Top-5 compatible)
6,Maize,Wheat,0.1478,0.1039,4,False,True,Chickpea,Maharashtra,Rabi,7.81,133.9,20.9,Moderate ecological ambiguity (Top-5 compatible)
7,Rice,Wheat,0.1801,0.1104,4,False,True,Mustard,Uttarakhand,Rabi,7.79,216.4,18.2,Moderate ecological ambiguity (Top-5 compatible)
8,Rice,Groundnut,0.1142,0.0997,3,True,True,Soybean,Chhattisgarh,Kharif,6.58,1024.4,28.8,Near-boundary Top-3 tie (Agro-climatic niche overlap)
9,Groundnut,Pearl Millet,0.1453,0.0674,7,False,False,Rice,Punjab,Kharif,5.45,235.8,28.3,Severe pedological / environmental divergence
11,Urad,Chickpea,0.1454,0.0637,8,False,False,Wheat,Karnataka,Rabi,7.79,191.8,18.7,Legume/Pulse physiological similarity
12,Mustard,Wheat,0.1736,0.1475,2,True,True,Mustard,Manipur,Rabi,7.58,270.1,19.4,Near-boundary Top-3 tie (Agro-climatic niche overlap)
13,Cotton,Rice,0.1275,0.0765,8,False,False,Maize,Andhra Pradesh,Kharif,6.46,803.6,25.8,Majority class bias under moderate rainfall
14,Moong,Chickpea,0.1157,0.0905,3,True,True,Wheat,Telangana,Rabi,6.99,145.5,20.7,Near-boundary Top-3 tie (Agro-climatic niche overlap)
15,Sorghum,Pearl Millet,0.1165,0.1037,3,True,True,Rice,Maharashtra,Kharif,7.76,860.8,28.8,Near-boundary Top-3 tie (Agro-climatic niche overlap)
17,Urad,Cotton,0.2032,0.0676,8,False,False,Rice,Haryana,Kharif,7.57,393.7,27.3,Severe pedological / environmental divergence
18,Groundnut,Rice,0.176,0.0773,6,False,False,Urad,West Bengal,Summer,6.4,152.6,26.3,Majority class bias under moderate rainfall
19,Moong,Rice,0.2716,0.0248,11,False,False,Maize,Mizoram,Kharif,7.51,2000.2,31.0,Majority class bias under moderate rainfall
20,Groundnut,Finger Millet,0.1079,0.0604,11,False,False,Cotton,Tamil Nadu,Kharif,6.4,788.6,26.9,Severe pedological / environmental divergence
22,Maize,Rice,0.116,0.1047,2,True,True,Maize,Sikkim,Kharif,7.43,1261.3,29.4,Near-boundary Top-3 tie (Agro-climatic niche overlap)
23,Urad,Rice,0.2222,0.0854,5,False,True,Maize,Arunachal Pradesh,Kharif,7.61,1813.6,25.9,Moderate ecological ambiguity (Top-5 compatible)
24,Urad,Wheat,0.2703,0.0534,7,False,False,Mustard,Tripura,Rabi,7.76,433.3,20.1,Severe pedological / environmental divergence
25,Groundnut,Chickpea,0.1257,0.0502,11,False,False,Wheat,Andhra Pradesh,Rabi,6.54,154.7,16.8,Severe pedological / environmental divergence
26,Pigeonpea,Chickpea,0.1911,0.0516,8,False,False,Wheat,West Bengal,Rabi,6.17,162.6,20.0,Severe pedological / environmental divergence
27,Sesamum,Rice,0.1264,0.1224,2,True,True,Sesamum,Uttarakhand,Kharif,5.33,945.5,32.9,Near-boundary Top-3 tie (Agro-climatic niche overlap)
28,Moong,Rice,0.1553,0.1227,2,True,True,Moong,West Bengal,Rabi,6.39,227.0,17.1,Near-boundary Top-3 tie (Agro-climatic niche overlap)
29,Groundnut,Rice,0.2169,0.1326,3,True,True,Pearl Millet,Gujarat,Summer,5.32,64.1,35.4,Near-boundary Top-3 tie (Agro-climatic niche overlap)
31,Finger Millet,Rice,0.1321,0.0409,11,False,False,Groundnut,Gujarat,Kharif,5.68,332.4,30.5,Majority class bias under moderate rainfall
32,Chickpea,Mustard,0.1325,0.1048,4,False,True,Urad,Chhattisgarh,Rabi,6.41,214.3,19.8,Moderate ecological ambiguity (Top-5 compatible)
33,Mustard,Chickpea,0.2273,0.1869,3,True,True,Wheat,Nagaland,Rabi,6.92,206.6,18.3,Near-boundary Top-3 tie (Agro-climatic niche overlap)
35,Groundnut,Rice,0.1236,0.1096,3,True,True,Maize,Gujarat,Kharif,5.49,829.9,28.3,Near-boundary Top-3 tie (Agro-climatic niche overlap)
36,Soybean,Rice,0.2331,0.0696,8,False,False,Sesamum,Mizoram,Kharif,6.9,1898.5,28.5,Majority class bias under moderate rainfall
37,Mustard,Rice,0.116,0.0065,15,False,False,Groundnut,Karnataka,Kharif,6.68,948.7,31.6,Majority class bias under moderate rainfall
38,Moong,Wheat,0.1911,0.064,7,False,False,Mustard,Puducherry,Rabi,7.74,155.8,18.6,Severe pedological / environmental divergence
39,Maize,Rice,0.1182,0.1003,3,True,True,Urad,Manipur,Kharif,6.39,878.9,29.9,Near-boundary Top-3 tie (Agro-climatic niche overlap)
40,Mustard,Wheat,0.2272,0.2021,2,True,True,Mustard,Sikkim,Rabi,7.43,428.3,18.7,Near-boundary Top-3 tie (Agro-climatic niche overlap)
41,Cotton,Rice,0.0994,0.0695,10,False,False,Maize,Chhattisgarh,Kharif,6.7,969.3,28.2,Majority class bias under moderate rainfall
44,Urad,Rice,0.1157,0.0758,8,False,False,Maize,Chhattisgarh,Kharif,6.05,1099.6,26.5,Majority class bias under moderate rainfall
45,Sorghum,Moong,0.1915,0.0775,5,False,True,Rice,Puducherry,Summer,7.77,101.9,28.8,Moderate ecological ambiguity (Top-5 compatible)
46,Sorghum,Mustard,0.1898,0.0423,8,False,False,Wheat,Andhra Pradesh,Rabi,6.38,102.0,19.8,Severe pedological / environmental divergence
48,Cotton,Urad,0.173,0.0491,9,False,False,Rice,Jammu and Kashmir,Kharif,5.84,605.9,26.9,Severe pedological / environmental divergence
49,Chickpea,Mustard,0.1415,0.0777,5,False,True,Moong,Jharkhand,Rabi,6.22,145.1,22.7,Moderate ecological ambiguity (Top-5 compatible)
50,Mustard,Maize,0.1012,0.0069,15,False,False,Rice,Karnataka,Kharif,7.25,1034.6,28.9,Severe pedological / environmental divergence
51,Pigeonpea,Rice,0.1181,0.0774,9,False,False,Maize,Uttarakhand,Kharif,7.28,998.4,30.3,Majority class bias under moderate rainfall
52,Chickpea,Mustard,0.278,0.1577,3,True,True,Wheat,Manipur,Rabi,7.32,243.0,22.7,Near-boundary Top-3 tie (Agro-climatic niche overlap)
53,Groundnut,Wheat,0.1939,0.0799,6,False,False,Maize,Puducherry,Rabi,8.15,197.6,23.0,Severe pedological / environmental divergence
54,Urad,Pearl Millet,0.1202,0.0738,8,False,False,Finger Millet,Madhya Pradesh,Kharif,8.04,520.8,28.7,Severe pedological / environmental divergence
55,Pigeonpea,Rice,0.1229,0.0814,7,False,False,Sesamum,Jharkhand,Kharif,7.36,819.9,28.3,Majority class bias under moderate rainfall
57,Moong,Rice,0.297,0.1258,3,True,True,Maize,Uttar Pradesh,Summer,8.17,66.2,29.9,Near-boundary Top-3 tie (Agro-climatic niche overlap)
58,Maize,Rice,0.2049,0.2034,2,True,True,Maize,Assam,Kharif,7.53,1792.7,27.5,Near-boundary Top-3 tie (Agro-climatic niche overlap)
60,Sesamum,Rice,0.1597,0.1068,4,False,True,Maize,Mizoram,Kharif,6.53,1722.3,26.5,Moderate ecological ambiguity (Top-5 compatible)
63,Maize,Mustard,0.1587,0.1101,4,False,True,Chickpea,Odisha,Rabi,6.59,215.7,22.4,Moderate ecological ambiguity (Top-5 compatible)
64,Maize,Pearl Millet,0.1221,0.0798,6,False,False,Urad,Madhya Pradesh,Kharif,7.66,641.0,28.1,Severe pedological / environmental divergence
65,Urad,Mustard,0.1637,0.0869,4,False,True,Rice,Chhattisgarh,Rabi,6.73,222.3,24.7,Moderate ecological ambiguity (Top-5 compatible)
66,Soybean,Rice,0.1418,0.0879,6,False,False,Maize,Nagaland,Kharif,7.21,1347.0,29.9,Majority class bias under moderate rainfall
67,Groundnut,Maize,0.1195,0.0653,9,False,False,Rice,Bihar,Kharif,7.21,949.2,28.6,Severe pedological / environmental divergence
68,Moong,Pearl Millet,0.2459,0.0673,7,False,False,Groundnut,Punjab,Kharif,8.24,431.1,24.8,Severe pedological / environmental divergence
69,Maize,Moong,0.2189,0.1472,3,True,True,Rice,Karnataka,Summer,8.01,104.1,32.6,Near-boundary Top-3 tie (Agro-climatic niche overlap)
70,Urad,Rice,0.1097,0.0923,3,True,True,Groundnut,Andhra Pradesh,Kharif,6.19,720.0,28.6,Near-boundary Top-3 tie (Agro-climatic niche overlap)
72,Pearl Millet,Rice,0.2139,0.0303,10,False,False,Maize,Puducherry,Summer,7.63,109.5,30.2,Majority class bias under moderate rainfall
73,Wheat,Mustard,0.135,0.0929,3,True,True,Moong,Telangana,Rabi,5.91,199.9,16.2,Near-boundary Top-3 tie (Agro-climatic niche overlap)
75,Pearl Millet,Groundnut,0.1204,0.0999,4,False,True,Sorghum,Madhya Pradesh,Kharif,8.08,796.6,29.8,Moderate ecological ambiguity (Top-5 compatible)
76,Moong,Rice,0.2444,0.0902,5,False,True,Urad,Karnataka,Summer,7.66,121.6,31.2,Moderate ecological ambiguity (Top-5 compatible)
78,Maize,Rice,0.1347,0.0918,4,False,True,Groundnut,Bihar,Kharif,7.04,719.3,30.2,Moderate ecological ambiguity (Top-5 compatible)
79,Finger Millet,Wheat,0.2069,0.0296,12,False,False,Chickpea,Andhra Pradesh,Rabi,6.2,102.8,20.9,Severe pedological / environmental divergence
80,Soybean,Sorghum,0.1095,0.0469,12,False,False,Rice,Andhra Pradesh,Kharif,6.7,663.1,30.1,Severe pedological / environmental divergence
81,Mustard,Wheat,0.1989,0.1673,2,True,True,Mustard,Uttar Pradesh,Rabi,7.38,113.5,17.5,Near-boundary Top-3 tie (Agro-climatic niche overlap)
83,Soybean,Pearl Millet,0.1045,0.0725,6,False,False,Pigeonpea,Uttar Pradesh,Kharif,8.03,799.7,30.2,Severe pedological / environmental divergence
84,Sorghum,Groundnut,0.1396,0.0822,3,True,True,Rice,Gujarat,Kharif,5.11,658.8,30.0,Near-boundary Top-3 tie (Agro-climatic niche overlap)
86,Sesamum,Urad,0.1226,0.0998,3,True,True,Rice,Odisha,Kharif,5.95,866.5,32.3,Near-boundary Top-3 tie (Agro-climatic niche overlap)
88,Groundnut,Rice,0.122,0.0805,7,False,False,Pearl Millet,Nagaland,Kharif,7.66,1176.3,28.8,Majority class bias under moderate rainfall
89,Chickpea,Mustard,0.2711,0.2482,2,True,True,Chickpea,Punjab,Rabi,5.89,71.3,17.3,Near-boundary Top-3 tie (Agro-climatic niche overlap)
90,Moong,Rice,0.2304,0.0456,9,False,False,Maize,Tripura,Kharif,7.38,1760.0,28.6,Majority class bias under moderate rainfall
91,Urad,Rice,0.1152,0.0805,6,False,False,Groundnut,Bihar,Kharif,7.6,919.3,31.1,Majority class bias under moderate rainfall
92,Pigeonpea,Rice,0.124,0.0904,6,False,False,Pearl Millet,Haryana,Kharif,7.71,507.1,27.1,Majority class bias under moderate rainfall
93,Sesamum,Wheat,0.1898,0.041,8,False,False,Maize,Maharashtra,Rabi,8.37,151.1,19.6,Severe pedological / environmental divergence
95,Sorghum,Rice,0.1117,0.0783,7,False,False,Sesamum,Delhi,Kharif,6.63,476.8,28.6,Majority class bias under moderate rainfall
96,Wheat,Mustard,0.2396,0.2129,2,True,True,Wheat,Himachal Pradesh,Rabi,7.25,199.9,19.1,Near-boundary Top-3 tie (Agro-climatic niche overlap)
97,Maize,Sesamum,0.1162,0.0883,6,False,False,Rice,Uttar Pradesh,Kharif,7.97,686.7,27.7,Severe pedological / environmental divergence
98,Pigeonpea,Maize,0.102,0.0761,8,False,False,Rice,Telangana,Kharif,6.91,554.8,32.0,Severe pedological / environmental divergence
99,Cotton,Maize,0.1632,0.0612,9,False,False,Rice,Jammu and Kashmir,Kharif,5.98,1314.4,28.4,Severe pedological / environmental divergence
100,Sesamum,Rice,0.1148,0.0738,9,False,False,Urad,Andhra Pradesh,Kharif,6.39,635.8,28.9,Majority class bias under moderate rainfall
102,Chickpea,Wheat,0.2072,0.1009,4,False,True,Mustard,Meghalaya,Rabi,7.46,362.8,21.5,Moderate ecological ambiguity (Top-5 compatible)
103,Sorghum,Rice,0.1222,0.0995,4,False,True,Pigeonpea,Gujarat,Kharif,5.5,765.6,28.9,Moderate ecological ambiguity (Top-5 compatible)
104,Finger Millet,Pigeonpea,0.1119,0.0508,10,False,False,Rice,Himachal Pradesh,Kharif,6.13,747.0,26.8,Severe pedological / environmental divergence
106,Cotton,Rice,0.1049,0.0809,6,False,False,Pearl Millet,Andhra Pradesh,Kharif,6.79,732.5,28.0,Majority class bias under moderate rainfall
107,Pigeonpea,Rice,0.1198,0.0605,11,False,False,Sorghum,Gujarat,Kharif,4.9,623.4,27.4,Majority class bias under moderate rainfall
108,Maize,Rice,0.1074,0.0799,7,False,False,Pearl Millet,Maharashtra,Kharif,7.8,903.5,30.6,Majority class bias under moderate rainfall
109,Moong,Chickpea,0.1931,0.1005,4,False,True,Mustard,Chhattisgarh,Rabi,7.08,206.1,18.2,Moderate ecological ambiguity (Top-5 compatible)
110,Maize,Rice,0.2406,0.1325,2,True,True,Maize,Sikkim,Kharif,7.29,1978.1,27.9,Near-boundary Top-3 tie (Agro-climatic niche overlap)
111,Maize,Rice,0.1302,0.1012,2,True,True,Maize,Jharkhand,Kharif,7.38,916.6,26.2,Near-boundary Top-3 tie (Agro-climatic niche overlap)
112,Sesamum,Maize,0.1294,0.0877,6,False,False,Urad,Jammu and Kashmir,Kharif,6.28,842.8,31.5,Severe pedological / environmental divergence
114,Pigeonpea,Rice,0.1222,0.0786,4,False,True,Maize,Bihar,Kharif,7.68,895.3,28.3,Moderate ecological ambiguity (Top-5 compatible)
115,Cotton,Sesamum,0.134,0.1059,2,True,True,Cotton,Tripura,Kharif,5.96,1338.2,29.5,Near-boundary Top-3 tie (Agro-climatic niche overlap)
116,Rice,Maize,0.1255,0.1067,2,True,True,Rice,West Bengal,Kharif,6.45,1267.4,28.0,Near-boundary Top-3 tie (Agro-climatic niche overlap)
117,Maize,Rice,0.1105,0.0977,3,True,True,Groundnut,Delhi,Kharif,6.71,424.9,28.3,Near-boundary Top-3 tie (Agro-climatic niche overlap)
118,Wheat,Chickpea,0.1903,0.1033,2,True,True,Wheat,Karnataka,Rabi,7.41,199.4,22.7,Near-boundary Top-3 tie (Agro-climatic niche overlap)
119,Sorghum,Rice,0.113,0.06,11,False,False,Soybean,Uttar Pradesh,Kharif,7.68,557.9,32.3,Majority class bias under moderate rainfall
120,Moong,Rice,0.2696,0.1126,3,True,True,Maize,Uttarakhand,Summer,7.37,156.5,32.3,Near-boundary Top-3 tie (Agro-climatic niche overlap)
121,Maize,Rice,0.3486,0.1347,2,True,True,Maize,Uttar Pradesh,Summer,7.98,21.9,34.9,Near-boundary Top-3 tie (Agro-climatic niche overlap)
122,Groundnut,Rice,0.1215,0.0885,6,False,False,Pigeonpea,Manipur,Kharif,7.27,845.3,28.2,Majority class bias under moderate rainfall
123,Mustard,Chickpea,0.1125,0.0836,6,False,False,Finger Millet,Tamil Nadu,Rabi,6.46,121.5,20.3,Severe pedological / environmental divergence
126,Groundnut,Rice,0.128,0.0623,8,False,False,Sesamum,Bihar,Kharif,7.73,624.5,28.1,Majority class bias under moderate rainfall
129,Maize,Mustard,0.2024,0.0664,6,False,False,Wheat,Manipur,Rabi,7.28,219.1,22.6,Severe pedological / environmental divergence
130,Urad,Rice,0.1309,0.0858,5,False,True,Maize,Manipur,Kharif,7.41,768.7,27.5,Moderate ecological ambiguity (Top-5 compatible)
131,Chickpea,Wheat,0.1967,0.0869,4,False,True,Rice,Meghalaya,Rabi,7.18,551.0,16.6,Moderate ecological ambiguity (Top-5 compatible)
133,Urad,Rice,0.1318,0.1035,3,True,True,Moong,Jammu and Kashmir,Kharif,5.84,640.4,31.5,Near-boundary Top-3 tie (Agro-climatic niche overlap)
134,Urad,Rice,0.1814,0.0649,6,False,False,Maize,West Bengal,Kharif,6.58,1753.9,31.2,Majority class bias under moderate rainfall
135,Sesamum,Rice,0.1213,0.0699,8,False,False,Pigeonpea,Bihar,Kharif,6.95,780.5,29.5,Majority class bias under moderate rainfall
138,Urad,Rice,0.1294,0.1042,3,True,True,Maize,Haryana,Kharif,7.51,345.0,28.9,Near-boundary Top-3 tie (Agro-climatic niche overlap)
139,Chickpea,Mustard,0.2576,0.2195,2,True,True,Chickpea,Uttarakhand,Rabi,5.54,224.4,19.1,Near-boundary Top-3 tie (Agro-climatic niche overlap)
140,Cotton,Groundnut,0.1531,0.0597,8,False,False,Rice,Maharashtra,Kharif,5.28,1172.4,29.2,Severe pedological / environmental divergence
141,Sorghum,Maize,0.0994,0.0926,3,True,True,Sesamum,Uttar Pradesh,Kharif,7.85,772.6,30.1,Near-boundary Top-3 tie (Agro-climatic niche overlap)
142,Soybean,Urad,0.1388,0.0461,12,False,False,Pearl Millet,Andhra Pradesh,Kharif,6.19,642.6,26.0,Severe pedological / environmental divergence
143,Groundnut,Rice,0.1441,0.073,7,False,False,Urad,Odisha,Rabi,6.53,227.5,21.9,Majority class bias under moderate rainfall
145,Sesamum,Rice,0.1885,0.0586,8,False,False,Maize,Gujarat,Summer,5.57,87.4,32.9,Majority class bias under moderate rainfall
146,Sorghum,Rice,0.1465,0.0559,10,False,False,Groundnut,Gujarat,Kharif,5.69,287.1,29.2,Majority class bias under moderate rainfall
147,Pigeonpea,Sugarcane,0.7864,0.0097,12,False,False,Cotton,Tamil Nadu,Whole Year,6.13,56.5,30.8,Severe pedological / environmental divergence
148,Sorghum,Rice,0.1227,0.0614,9,False,False,Pearl Millet,Nagaland,Kharif,7.68,938.8,28.9,Majority class bias under moderate rainfall
149,Finger Millet,Rice,0.1242,0.048,11,False,False,Sesamum,Bihar,Kharif,7.42,798.0,32.3,Majority class bias under moderate rainfall
150,Pigeonpea,Sugarcane,0.3316,0.039,9,False,False,Maize,Kerala,Whole Year,6.69,312.2,32.0,Severe pedological / environmental divergence
151,Mustard,Moong,0.1064,0.1025,3,True,True,Rice,Chhattisgarh,Rabi,6.46,217.5,21.5,Near-boundary Top-3 tie (Agro-climatic niche overlap)
152,Pigeonpea,Maize,0.1274,0.0634,8,False,False,Rice,Madhya Pradesh,Kharif,7.58,770.0,22.7,Severe pedological / environmental divergence
153,Sesamum,Rice,0.3261,0.0466,6,False,False,Maize,West Bengal,Summer,7.66,141.3,28.4,Majority class bias under moderate rainfall
155,Wheat,Mustard,0.1289,0.1204,3,True,True,Chickpea,West Bengal,Rabi,6.71,221.5,19.1,Near-boundary Top-3 tie (Agro-climatic niche overlap)
156,Sesamum,Moong,0.1317,0.0908,5,False,True,Rice,Himachal Pradesh,Kharif,5.61,942.6,27.4,Moderate ecological ambiguity (Top-5 compatible)
157,Sesamum,Maize,0.1832,0.0867,4,False,True,Rice,Tripura,Kharif,7.58,1983.3,28.8,Moderate ecological ambiguity (Top-5 compatible)
158,Chickpea,Wheat,0.2586,0.1192,3,True,True,Mustard,Meghalaya,Rabi,6.73,611.3,20.6,Near-boundary Top-3 tie (Agro-climatic niche overlap)
159,Rice,Urad,0.1247,0.1068,2,True,True,Rice,Tamil Nadu,Kharif,6.37,892.2,29.8,Near-boundary Top-3 tie (Agro-climatic niche overlap)
160,Wheat,Chickpea,0.1813,0.0946,3,True,True,Sorghum,Karnataka,Rabi,7.84,167.1,21.2,Near-boundary Top-3 tie (Agro-climatic niche overlap)
161,Urad,Rice,0.1506,0.1061,2,True,True,Urad,Odisha,Kharif,6.36,1108.1,26.9,Near-boundary Top-3 tie (Agro-climatic niche overlap)
165,Urad,Wheat,0.1772,0.0777,7,False,False,Rice,Assam,Rabi,7.52,362.6,21.3,Severe pedological / environmental divergence
167,Finger Millet,Pearl Millet,0.1306,0.1109,2,True,True,Finger Millet,Puducherry,Kharif,7.79,830.0,29.0,Near-boundary Top-3 tie (Agro-climatic niche overlap)
168,Chickpea,Wheat,0.2137,0.0749,4,False,True,Mustard,West Bengal,Rabi,7.8,298.7,24.6,Moderate ecological ambiguity (Top-5 compatible)
169,Groundnut,Pearl Millet,0.1219,0.0876,4,False,True,Rice,Bihar,Kharif,7.62,473.6,28.2,Moderate ecological ambiguity (Top-5 compatible)
170,Mustard,Wheat,0.1612,0.1585,2,True,True,Mustard,Madhya Pradesh,Rabi,7.81,223.0,19.7,Near-boundary Top-3 tie (Agro-climatic niche overlap)
172,Pigeonpea,Rice,0.1342,0.0678,8,False,False,Groundnut,Chhattisgarh,Kharif,6.65,844.5,28.1,Majority class bias under moderate rainfall
173,Maize,Moong,0.1378,0.1166,4,False,True,Rice,Madhya Pradesh,Summer,6.46,78.3,33.0,Moderate ecological ambiguity (Top-5 compatible)
174,Urad,Rice,0.2667,0.1069,3,True,True,Moong,Puducherry,Summer,6.55,150.3,33.4,Near-boundary Top-3 tie (Agro-climatic niche overlap)
175,Pearl Millet,Maize,0.1076,0.0805,7,False,False,Rice,Chhattisgarh,Kharif,6.59,952.5,27.7,Severe pedological / environmental divergence
176,Sorghum,Cotton,0.1402,0.1137,2,True,True,Sorghum,Delhi,Kharif,8.02,420.1,29.6,Near-boundary Top-3 tie (Agro-climatic niche overlap)
177,Sugarcane,Rice,0.1188,0.0166,15,False,False,Mustard,Odisha,Rabi,7.02,238.4,18.4,Majority class bias under moderate rainfall
178,Groundnut,Rice,0.1767,0.0998,5,False,True,Moong,Odisha,Summer,6.1,161.5,35.1,Moderate ecological ambiguity (Top-5 compatible)
179,Cotton,Rice,0.1159,0.059,9,False,False,Maize,Himachal Pradesh,Kharif,5.76,839.4,28.5,Majority class bias under moderate rainfall
180,Pearl Millet,Groundnut,0.1201,0.1101,2,True,True,Pearl Millet,Karnataka,Kharif,8.03,752.9,26.6,Near-boundary Top-3 tie (Agro-climatic niche overlap)
181,Finger Millet,Rice,0.2506,0.1397,2,True,True,Finger Millet,Goa,Kharif,4.94,2264.2,27.6,Near-boundary Top-3 tie (Agro-climatic niche overlap)
182,Maize,Rice,0.413,0.1477,2,True,True,Maize,Bihar,Summer,7.35,104.5,33.5,Near-boundary Top-3 tie (Agro-climatic niche overlap)
184,Sesamum,Rice,0.1082,0.0889,4,False,True,Finger Millet,Chhattisgarh,Kharif,6.74,827.0,23.7,Moderate ecological ambiguity (Top-5 compatible)
185,Finger Millet,Rice,0.1119,0.0687,8,False,False,Maize,Jharkhand,Kharif,7.35,804.3,30.4,Majority class bias under moderate rainfall
186,Sesamum,Mustard,0.1367,0.0493,10,False,False,Urad,Odisha,Rabi,6.35,228.7,19.3,Severe pedological / environmental divergence
188,Maize,Urad,0.111,0.0905,4,False,True,Chickpea,Karnataka,Rabi,6.38,121.5,22.8,Moderate ecological ambiguity (Top-5 compatible)
190,Sesamum,Chickpea,0.1027,0.0774,8,False,False,Rice,Puducherry,Rabi,6.46,206.6,22.7,Severe pedological / environmental divergence
191,Finger Millet,Urad,0.1184,0.0364,12,False,False,Rice,Madhya Pradesh,Kharif,7.17,584.1,28.0,Severe pedological / environmental divergence
192,Sesamum,Groundnut,0.1504,0.0702,7,False,False,Rice,Karnataka,Kharif,5.13,940.8,29.2,Severe pedological / environmental divergence
193,Sorghum,Wheat,0.1531,0.0513,8,False,False,Mustard,Maharashtra,Rabi,7.73,214.6,17.1,Severe pedological / environmental divergence
194,Maize,Moong,0.1561,0.1379,2,True,True,Maize,Odisha,Summer,7.14,140.4,37.1,Near-boundary Top-3 tie (Agro-climatic niche overlap)
196,Rice,Pearl Millet,0.1159,0.093,2,True,True,Rice,Maharashtra,Kharif,7.85,910.5,28.9,Near-boundary Top-3 tie (Agro-climatic niche overlap)
197,Maize,Rice,0.1704,0.1379,3,True,True,Cotton,Assam,Kharif,7.35,1695.1,25.5,Near-boundary Top-3 tie (Agro-climatic niche overlap)
198,Finger Millet,Moong,0.1023,0.0695,10,False,False,Sesamum,Puducherry,Kharif,7.52,1103.5,27.9,Severe pedological / environmental divergence
199,Pigeonpea,Maize,0.1327,0.0712,7,False,False,Rice,Nagaland,Kharif,7.14,1152.6,27.0,Severe pedological / environmental divergence
200,Mustard,Wheat,0.2098,0.1582,2,True,True,Mustard,Manipur,Rabi,7.98,280.4,19.7,Near-boundary Top-3 tie (Agro-climatic niche overlap)
201,Urad,Rice,0.2662,0.0724,5,False,True,Maize,Uttar Pradesh,Summer,7.75,97.3,32.3,Moderate ecological ambiguity (Top-5 compatible)
202,Sesamum,Maize,0.1271,0.0858,3,True,True,Rice,Nagaland,Kharif,7.37,1002.5,28.7,Near-boundary Top-3 tie (Agro-climatic niche overlap)
203,Sorghum,Wheat,0.1804,0.041,9,False,False,Mustard,Madhya Pradesh,Rabi,7.51,172.0,22.7,Severe pedological / environmental divergence
204,Finger Millet,Rice,0.174,0.0829,7,False,False,Maize,Puducherry,Summer,7.62,114.4,29.9,Majority class bias under moderate rainfall
205,Cotton,Sesamum,0.1352,0.0682,8,False,False,Rice,Haryana,Kharif,7.93,513.1,27.6,Severe pedological / environmental divergence
206,Wheat,Mustard,0.1383,0.1085,4,False,True,Chickpea,Gujarat,Rabi,5.56,153.7,18.6,Moderate ecological ambiguity (Top-5 compatible)
207,Mustard,Chickpea,0.2929,0.1377,2,True,True,Mustard,Uttar Pradesh,Rabi,7.79,89.7,19.8,Near-boundary Top-3 tie (Agro-climatic niche overlap)
209,Pigeonpea,Rice,0.1249,0.0694,10,False,False,Maize,Assam,Kharif,7.61,1284.0,26.2,Majority class bias under moderate rainfall
210,Sesamum,Wheat,0.1354,0.0358,12,False,False,Chickpea,Maharashtra,Rabi,7.45,173.1,16.8,Severe pedological / environmental divergence
211,Chickpea,Mustard,0.2443,0.101,4,False,True,Wheat,Tripura,Rabi,7.32,315.2,18.1,Moderate ecological ambiguity (Top-5 compatible)
212,Chickpea,Mustard,0.1771,0.1291,4,False,True,Wheat,Assam,Rabi,7.25,248.5,24.1,Moderate ecological ambiguity (Top-5 compatible)
213,Groundnut,Urad,0.1154,0.0718,7,False,False,Rice,West Bengal,Kharif,6.21,1343.6,28.2,Severe pedological / environmental divergence
215,Maize,Mustard,0.157,0.096,5,False,True,Wheat,Mizoram,Rabi,7.3,270.9,19.4,Moderate ecological ambiguity (Top-5 compatible)
216,Sorghum,Sugarcane,0.4433,0.0516,5,False,True,Cotton,Chhattisgarh,Whole Year,6.04,114.8,30.7,Moderate ecological ambiguity (Top-5 compatible)
217,Mustard,Moong,0.0981,0.0916,4,False,True,Chickpea,Tamil Nadu,Rabi,6.58,148.2,20.5,Moderate ecological ambiguity (Top-5 compatible)
218,Soybean,Rice,0.1217,0.0358,12,False,False,Pigeonpea,Uttarakhand,Kharif,6.0,1069.8,30.3,Majority class bias under moderate rainfall
219,Maize,Wheat,0.2078,0.0884,5,False,True,Rice,Manipur,Rabi,7.45,306.9,18.4,Moderate ecological ambiguity (Top-5 compatible)
220,Pigeonpea,Wheat,0.1691,0.0177,12,False,False,Mustard,West Bengal,Rabi,7.67,255.4,21.3,Severe pedological / environmental divergence
221,Maize,Rice,0.1926,0.1723,2,True,True,Maize,Arunachal Pradesh,Kharif,7.47,2075.4,28.8,Near-boundary Top-3 tie (Agro-climatic niche overlap)
222,Urad,Mustard,0.145,0.0865,5,False,True,Rice,Tripura,Rabi,6.57,355.9,21.7,Moderate ecological ambiguity (Top-5 compatible)
223,Sugarcane,Groundnut,0.1338,0.0162,13,False,False,Rice,Uttar Pradesh,Kharif,6.82,760.3,28.2,Severe pedological / environmental divergence
224,Wheat,Chickpea,0.1912,0.1186,3,True,True,Mustard,Jharkhand,Rabi,7.68,169.2,20.3,Near-boundary Top-3 tie (Agro-climatic niche overlap)
225,Maize,Rice,0.1326,0.1257,2,True,True,Maize,Himachal Pradesh,Kharif,6.07,806.9,26.1,Near-boundary Top-3 tie (Agro-climatic niche overlap)
226,Sesamum,Maize,0.1488,0.0964,5,False,True,Rice,Punjab,Kharif,7.33,185.1,26.2,Moderate ecological ambiguity (Top-5 compatible)
227,Pearl Millet,Mustard,0.1631,0.0252,12,False,False,Chickpea,Karnataka,Rabi,5.71,183.9,19.1,Severe pedological / environmental divergence
228,Mustard,Rice,0.121,0.0536,11,False,False,Wheat,Maharashtra,Rabi,8.27,226.9,25.1,Majority class bias under moderate rainfall
231,Wheat,Mustard,0.1225,0.0877,4,False,True,Moong,Chhattisgarh,Rabi,6.59,251.9,20.5,Moderate ecological ambiguity (Top-5 compatible)
232,Pearl Millet,Maize,0.1083,0.0674,9,False,False,Rice,Odisha,Kharif,6.36,1301.3,28.3,Severe pedological / environmental divergence
233,Rice,Moong,0.1594,0.0969,7,False,False,Sesamum,Odisha,Summer,6.66,156.1,32.0,Severe pedological / environmental divergence
234,Pigeonpea,Maize,0.1153,0.0559,9,False,False,Groundnut,Himachal Pradesh,Kharif,6.0,1024.0,28.6,Severe pedological / environmental divergence
235,Maize,Rice,0.1857,0.1639,2,True,True,Maize,Arunachal Pradesh,Kharif,7.0,1533.5,28.1,Near-boundary Top-3 tie (Agro-climatic niche overlap)
236,Moong,Maize,0.1134,0.071,7,False,False,Wheat,Karnataka,Rabi,7.87,153.2,17.9,Severe pedological / environmental divergence
237,Cotton,Rice,0.1456,0.0786,8,False,False,Maize,Nagaland,Kharif,7.15,1295.3,28.3,Majority class bias under moderate rainfall
238,Wheat,Chickpea,0.2554,0.1486,3,True,True,Mustard,Uttar Pradesh,Rabi,7.69,124.9,21.6,Near-boundary Top-3 tie (Agro-climatic niche overlap)
239,Finger Millet,Maize,0.1179,0.0505,12,False,False,Rice,West Bengal,Kharif,7.28,1224.0,27.2,Severe pedological / environmental divergence
240,Rice,Wheat,0.1409,0.0637,9,False,False,Chickpea,Andhra Pradesh,Rabi,7.1,168.8,19.0,Severe pedological / environmental divergence
241,Soybean,Rice,0.1566,0.0668,9,False,False,Maize,Mizoram,Kharif,6.31,1509.0,30.1,Majority class bias under moderate rainfall
245,Rice,Chickpea,0.1326,0.0721,7,False,False,Wheat,Odisha,Rabi,6.33,207.1,21.0,Severe pedological / environmental divergence
246,Maize,Wheat,0.1384,0.0886,6,False,False,Chickpea,Maharashtra,Rabi,8.07,232.3,20.4,Severe pedological / environmental divergence
247,Sorghum,Pigeonpea,0.105,0.0649,11,False,False,Maize,Madhya Pradesh,Kharif,7.49,808.7,27.7,Severe pedological / environmental divergence
248,Finger Millet,Groundnut,0.1439,0.0875,4,False,True,Rice,Gujarat,Kharif,5.57,845.4,29.9,Moderate ecological ambiguity (Top-5 compatible)
249,Sesamum,Rice,0.1408,0.0974,4,False,True,Maize,Uttar Pradesh,Kharif,7.33,528.4,25.3,Moderate ecological ambiguity (Top-5 compatible)
252,Moong,Rice,0.1416,0.0818,6,False,False,Sesamum,Himachal Pradesh,Kharif,7.36,1084.2,31.9,Majority class bias under moderate rainfall
253,Pearl Millet,Sugarcane,0.4324,0.0839,2,True,True,Pearl Millet,Tamil Nadu,Whole Year,6.4,97.5,28.4,Near-boundary Top-3 tie (Agro-climatic niche overlap)
254,Groundnut,Maize,0.1252,0.0518,10,False,False,Rice,Uttarakhand,Kharif,7.46,1147.7,28.1,Severe pedological / environmental divergence
255,Moong,Finger Millet,0.1243,0.0916,5,False,True,Groundnut,Odisha,Kharif,6.16,1263.4,29.6,Moderate ecological ambiguity (Top-5 compatible)
256,Sesamum,Pigeonpea,0.1308,0.0779,6,False,False,Maize,Odisha,Kharif,6.69,1150.2,29.9,Severe pedological / environmental divergence
257,Mustard,Chickpea,0.1957,0.139,3,True,True,Wheat,Chhattisgarh,Rabi,7.05,201.3,20.3,Near-boundary Top-3 tie (Agro-climatic niche overlap)
258,Groundnut,Rice,0.1773,0.1224,2,True,True,Groundnut,West Bengal,Summer,6.67,167.9,37.0,Near-boundary Top-3 tie (Agro-climatic niche overlap)
259,Sesamum,Finger Millet,0.1519,0.0833,4,False,True,Urad,Puducherry,Kharif,6.41,957.0,27.6,Moderate ecological ambiguity (Top-5 compatible)
260,Groundnut,Rice,0.1299,0.0786,6,False,False,Maize,Bihar,Kharif,7.45,837.9,23.7,Majority class bias under moderate rainfall
261,Chickpea,Wheat,0.2104,0.1265,2,True,True,Chickpea,Chhattisgarh,Rabi,6.02,179.3,18.7,Near-boundary Top-3 tie (Agro-climatic niche overlap)
263,Groundnut,Rice,0.286,0.0778,4,False,True,Maize,Karnataka,Summer,7.96,107.5,34.1,Moderate ecological ambiguity (Top-5 compatible)
264,Mustard,Chickpea,0.3345,0.2164,2,True,True,Mustard,Punjab,Rabi,5.74,41.6,19.8,Near-boundary Top-3 tie (Agro-climatic niche overlap)
265,Moong,Chickpea,0.1573,0.0659,6,False,False,Maize,Andhra Pradesh,Rabi,6.22,129.2,18.5,Legume/Pulse physiological similarity
267,Rice,Maize,0.1079,0.0976,2,True,True,Rice,Odisha,Kharif,6.56,955.6,28.9,Near-boundary Top-3 tie (Agro-climatic niche overlap)
268,Groundnut,Rice,0.103,0.0959,3,True,True,Maize,Karnataka,Kharif,6.79,927.3,27.9,Near-boundary Top-3 tie (Agro-climatic niche overlap)
269,Chickpea,Sugarcane,0.4442,0.0127,14,False,False,Sesamum,Tamil Nadu,Whole Year,6.57,121.0,31.9,Severe pedological / environmental divergence
270,Pearl Millet,Rice,0.1215,0.0877,6,False,False,Maize,Himachal Pradesh,Kharif,5.75,711.3,31.0,Majority class bias under moderate rainfall
271,Urad,Rice,0.1153,0.0809,7,False,False,Moong,Odisha,Kharif,6.62,1095.0,27.2,Majority class bias under moderate rainfall
272,Moong,Groundnut,0.141,0.0711,7,False,False,Finger Millet,Maharashtra,Kharif,7.74,1076.9,29.7,Severe pedological / environmental divergence
273,Maize,Rice,0.1342,0.0896,5,False,True,Groundnut,Gujarat,Kharif,5.68,564.0,27.5,Moderate ecological ambiguity (Top-5 compatible)
274,Pearl Millet,Cotton,0.2268,0.0808,6,False,False,Rice,Gujarat,Kharif,8.12,301.4,28.4,Severe pedological / environmental divergence
276,Groundnut,Rice,0.1386,0.0823,6,False,False,Sesamum,Chhattisgarh,Kharif,6.3,1139.7,27.0,Majority class bias under moderate rainfall
277,Groundnut,Rice,0.1175,0.0646,9,False,False,Pigeonpea,Uttar Pradesh,Kharif,7.18,817.4,26.2,Majority class bias under moderate rainfall
278,Maize,Rice,0.1138,0.0571,11,False,False,Groundnut,Uttar Pradesh,Kharif,8.04,419.9,26.8,Majority class bias under moderate rainfall
279,Pigeonpea,Groundnut,0.1311,0.0654,10,False,False,Pearl Millet,Maharashtra,Kharif,8.06,1197.2,30.6,Severe pedological / environmental divergence
280,Rice,Chickpea,0.1375,0.058,10,False,False,Mustard,Andhra Pradesh,Rabi,6.72,143.7,17.0,Severe pedological / environmental divergence
282,Chickpea,Wheat,0.1666,0.1153,3,True,True,Mustard,Uttar Pradesh,Rabi,8.12,143.2,17.2,Near-boundary Top-3 tie (Agro-climatic niche overlap)
283,Groundnut,Sugarcane,0.5465,0.0395,5,False,True,Pearl Millet,Tamil Nadu,Whole Year,6.84,85.2,34.8,Moderate ecological ambiguity (Top-5 compatible)
284,Groundnut,Rice,0.1172,0.1027,4,False,True,Maize,Punjab,Kharif,5.56,500.1,29.0,Moderate ecological ambiguity (Top-5 compatible)
287,Groundnut,Rice,0.1381,0.0762,8,False,False,Urad,Himachal Pradesh,Kharif,6.25,833.1,27.1,Majority class bias under moderate rainfall
288,Urad,Wheat,0.1469,0.0954,5,False,True,Mustard,Puducherry,Rabi,7.3,216.4,20.5,Moderate ecological ambiguity (Top-5 compatible)
289,Groundnut,Urad,0.1123,0.0994,2,True,True,Groundnut,Karnataka,Kharif,6.23,894.7,30.1,Near-boundary Top-3 tie (Agro-climatic niche overlap)
290,Pearl Millet,Sugarcane,0.511,0.0507,4,False,True,Finger Millet,Chhattisgarh,Whole Year,6.52,119.3,32.4,Moderate ecological ambiguity (Top-5 compatible)
291,Pearl Millet,Sugarcane,0.3952,0.0614,4,False,True,Cotton,Chhattisgarh,Whole Year,6.5,123.1,31.3,Moderate ecological ambiguity (Top-5 compatible)
292,Soybean,Rice,0.1452,0.0318,12,False,False,Urad,Himachal Pradesh,Kharif,6.31,775.8,28.9,Majority class bias under moderate rainfall
293,Groundnut,Chickpea,0.125,0.0523,10,False,False,Sorghum,Karnataka,Rabi,7.52,159.1,19.9,Severe pedological / environmental divergence
294,Maize,Urad,0.1212,0.0963,3,True,True,Rice,Andhra Pradesh,Kharif,6.96,704.1,29.4,Near-boundary Top-3 tie (Agro-climatic niche overlap)
295,Moong,Rice,0.2119,0.132,3,True,True,Maize,Puducherry,Summer,6.99,168.1,30.6,Near-boundary Top-3 tie (Agro-climatic niche overlap)
296,Wheat,Mustard,0.2566,0.1995,3,True,True,Chickpea,Himachal Pradesh,Rabi,5.85,177.5,22.4,Near-boundary Top-3 tie (Agro-climatic niche overlap)
297,Mustard,Wheat,0.1412,0.0551,11,False,False,Maize,Madhya Pradesh,Rabi,7.42,157.5,17.9,Severe pedological / environmental divergence
298,Cotton,Rice,0.1212,0.1134,3,True,True,Maize,Punjab,Kharif,5.65,377.3,32.5,Near-boundary Top-3 tie (Agro-climatic niche overlap)
299,Soybean,Finger Millet,0.141,0.0403,12,False,False,Sesamum,Andhra Pradesh,Kharif,6.5,1054.8,25.8,Severe pedological / environmental divergence
300,Sesamum,Rice,0.2722,0.0857,5,False,True,Maize,Puducherry,Summer,7.83,177.9,34.2,Moderate ecological ambiguity (Top-5 compatible)
302,Sesamum,Pearl Millet,0.1333,0.07,8,False,False,Sorghum,Uttar Pradesh,Kharif,7.63,333.8,25.0,Severe pedological / environmental divergence
303,Pigeonpea,Rice,0.1179,0.0858,5,False,True,Urad,Manipur,Kharif,6.82,830.6,30.0,Moderate ecological ambiguity (Top-5 compatible)
304,Pearl Millet,Groundnut,0.1283,0.0982,2,True,True,Pearl Millet,Delhi,Kharif,7.42,562.1,24.9,Near-boundary Top-3 tie (Agro-climatic niche overlap)
305,Soybean,Wheat,0.2522,0.0046,16,False,False,Mustard,Tripura,Rabi,7.5,373.4,21.4,Severe pedological / environmental divergence
307,Finger Millet,Rice,0.1199,0.0317,12,False,False,Maize,Bihar,Kharif,7.36,664.2,28.5,Majority class bias under moderate rainfall
309,Groundnut,Rice,0.2106,0.1387,2,True,True,Groundnut,Tripura,Kharif,6.26,2134.9,28.7,Near-boundary Top-3 tie (Agro-climatic niche overlap)
311,Groundnut,Rice,0.272,0.0685,6,False,False,Sorghum,Goa,Rabi,4.86,549.6,21.2,Majority class bias under moderate rainfall
312,Finger Millet,Rice,0.1167,0.0497,12,False,False,Pigeonpea,Nagaland,Kharif,7.29,1173.1,27.4,Majority class bias under moderate rainfall
313,Soybean,Groundnut,0.1177,0.0554,11,False,False,Rice,Chhattisgarh,Kharif,6.49,1195.1,28.3,Severe pedological / environmental divergence
314,Maize,Sorghum,0.147,0.0885,4,False,True,Rice,Karnataka,Kharif,5.3,980.7,27.2,Moderate ecological ambiguity (Top-5 compatible)
315,Rice,Groundnut,0.1087,0.1018,2,True,True,Rice,Chhattisgarh,Kharif,6.59,1103.4,29.3,Near-boundary Top-3 tie (Agro-climatic niche overlap)
316,Finger Millet,Rice,0.2316,0.0634,7,False,False,Maize,Karnataka,Summer,5.69,136.3,35.5,Majority class bias under moderate rainfall
317,Rice,Maize,0.1386,0.097,4,False,True,Wheat,Karnataka,Rabi,7.5,145.7,28.8,Moderate ecological ambiguity (Top-5 compatible)
318,Sesamum,Rice,0.1069,0.0846,5,False,True,Urad,Tamil Nadu,Kharif,6.38,542.1,27.6,Moderate ecological ambiguity (Top-5 compatible)
319,Mustard,Wheat,0.1574,0.1321,2,True,True,Mustard,Meghalaya,Rabi,7.41,917.3,23.7,Near-boundary Top-3 tie (Agro-climatic niche overlap)
320,Maize,Rice,0.2914,0.1344,3,True,True,Moong,Bihar,Summer,7.86,129.1,30.0,Near-boundary Top-3 tie (Agro-climatic niche overlap)
321,Mustard,Wheat,0.1343,0.0919,6,False,False,Groundnut,Karnataka,Rabi,5.51,191.4,19.6,Severe pedological / environmental divergence
322,Maize,Wheat,0.2106,0.078,5,False,True,Mustard,Manipur,Rabi,7.7,210.6,21.8,Moderate ecological ambiguity (Top-5 compatible)
323,Groundnut,Chickpea,0.1631,0.0469,10,False,False,Mustard,Tamil Nadu,Rabi,6.26,144.1,17.2,Severe pedological / environmental divergence
326,Pigeonpea,Maize,0.1239,0.0525,10,False,False,Wheat,Andhra Pradesh,Rabi,5.64,180.1,20.3,Severe pedological / environmental divergence
328,Sesamum,Rice,0.1314,0.1002,3,True,True,Urad,West Bengal,Kharif,6.26,1368.2,26.6,Near-boundary Top-3 tie (Agro-climatic niche overlap)
329,Rice,Maize,0.1073,0.1048,3,True,True,Urad,Chhattisgarh,Kharif,6.32,685.1,28.3,Near-boundary Top-3 tie (Agro-climatic niche overlap)
330,Wheat,Mustard,0.1538,0.1101,3,True,True,Rice,Chhattisgarh,Rabi,6.97,227.8,23.4,Near-boundary Top-3 tie (Agro-climatic niche overlap)
331,Moong,Rice,0.1074,0.0815,7,False,False,Maize,Odisha,Kharif,6.6,1236.9,30.1,Majority class bias under moderate rainfall
332,Wheat,Chickpea,0.3039,0.1942,3,True,True,Mustard,Punjab,Rabi,5.92,69.5,19.6,Near-boundary Top-3 tie (Agro-climatic niche overlap)
333,Cotton,Urad,0.129,0.0773,6,False,False,Pearl Millet,Madhya Pradesh,Kharif,6.23,631.9,27.0,Severe pedological / environmental divergence
334,Soybean,Groundnut,0.1122,0.0665,11,False,False,Pigeonpea,Chhattisgarh,Kharif,6.62,840.9,29.6,Severe pedological / environmental divergence
335,Pigeonpea,Mustard,0.179,0.0377,11,False,False,Rice,Mizoram,Rabi,6.4,245.9,23.1,Severe pedological / environmental divergence
336,Sesamum,Urad,0.1305,0.0928,4,False,True,Rice,Jammu and Kashmir,Kharif,5.59,502.5,29.7,Moderate ecological ambiguity (Top-5 compatible)
337,Urad,Rice,0.1104,0.0929,4,False,True,Chickpea,Chhattisgarh,Rabi,6.65,183.2,19.2,Moderate ecological ambiguity (Top-5 compatible)
339,Pigeonpea,Rice,0.1043,0.0518,12,False,False,Maize,Andhra Pradesh,Kharif,7.7,541.7,30.7,Majority class bias under moderate rainfall
340,Maize,Rice,0.1395,0.1133,2,True,True,Maize,Nagaland,Kharif,7.39,1108.7,29.0,Near-boundary Top-3 tie (Agro-climatic niche overlap)
341,Groundnut,Chickpea,0.1235,0.0928,4,False,True,Sorghum,Karnataka,Rabi,5.26,209.4,21.8,Moderate ecological ambiguity (Top-5 compatible)
342,Urad,Maize,0.1074,0.0859,4,False,True,Rice,Andhra Pradesh,Kharif,6.39,645.9,28.7,Moderate ecological ambiguity (Top-5 compatible)
343,Urad,Groundnut,0.1707,0.0683,6,False,False,Maize,Uttar Pradesh,Kharif,8.32,525.5,30.1,Severe pedological / environmental divergence
344,Soybean,Rice,0.1236,0.0762,9,False,False,Maize,Nagaland,Kharif,7.15,1271.8,28.2,Majority class bias under moderate rainfall
345,Pearl Millet,Pigeonpea,0.1101,0.0959,3,True,True,Rice,Maharashtra,Kharif,7.63,1033.7,27.4,Near-boundary Top-3 tie (Agro-climatic niche overlap)
346,Cotton,Rice,0.2323,0.1084,5,False,True,Pigeonpea,Meghalaya,Kharif,7.23,4688.0,30.8,Moderate ecological ambiguity (Top-5 compatible)
347,Finger Millet,Urad,0.1279,0.0666,8,False,False,Sorghum,Andhra Pradesh,Kharif,6.39,522.8,30.1,Severe pedological / environmental divergence
348,Urad,Wheat,0.2111,0.0546,8,False,False,Mustard,Nagaland,Rabi,7.12,241.6,19.4,Severe pedological / environmental divergence
349,Wheat,Mustard,0.114,0.0565,9,False,False,Chickpea,West Bengal,Rabi,6.33,334.7,19.5,Severe pedological / environmental divergence
350,Moong,Pearl Millet,0.1558,0.0653,7,False,False,Cotton,Haryana,Kharif,7.28,291.0,27.2,Severe pedological / environmental divergence
351,Moong,Rice,0.1274,0.0799,6,False,False,Sesamum,Manipur,Kharif,7.37,967.7,25.7,Majority class bias under moderate rainfall
352,Moong,Chickpea,0.228,0.0762,5,False,True,Mustard,Chhattisgarh,Rabi,6.23,163.2,15.7,Moderate ecological ambiguity (Top-5 compatible)
355,Sorghum,Finger Millet,0.121,0.0615,11,False,False,Rice,Tamil Nadu,Kharif,6.51,726.2,29.0,Severe pedological / environmental divergence
356,Cotton,Rice,0.1692,0.1132,3,True,True,Maize,Mizoram,Kharif,6.47,1888.2,28.2,Near-boundary Top-3 tie (Agro-climatic niche overlap)
357,Groundnut,Wheat,0.1454,0.0537,10,False,False,Mustard,Telangana,Rabi,6.63,135.6,19.5,Severe pedological / environmental divergence
358,Groundnut,Chickpea,0.1231,0.0702,7,False,False,Wheat,Andhra Pradesh,Rabi,6.71,156.8,18.9,Severe pedological / environmental divergence
360,Sesamum,Sugarcane,0.7955,0.0345,2,True,True,Sesamum,Madhya Pradesh,Whole Year,7.81,81.2,33.0,Near-boundary Top-3 tie (Agro-climatic niche overlap)
361,Cotton,Sorghum,0.1145,0.0704,9,False,False,Maize,Uttar Pradesh,Kharif,7.63,709.1,30.6,Severe pedological / environmental divergence
362,Sorghum,Soybean,0.111,0.0691,10,False,False,Groundnut,Andhra Pradesh,Kharif,6.48,494.0,28.6,Severe pedological / environmental divergence
363,Pigeonpea,Maize,0.1337,0.1081,4,False,True,Rice,Gujarat,Kharif,5.49,558.2,28.8,Moderate ecological ambiguity (Top-5 compatible)
364,Soybean,Rice,0.1832,0.0687,9,False,False,Maize,Nagaland,Kharif,7.94,1485.9,27.6,Majority class bias under moderate rainfall
365,Pigeonpea,Rice,0.1583,0.0766,6,False,False,Maize,West Bengal,Kharif,6.72,1717.4,33.5,Majority class bias under moderate rainfall
366,Finger Millet,Maize,0.1223,0.0704,8,False,False,Urad,Karnataka,Rabi,6.2,198.8,23.4,Severe pedological / environmental divergence
367,Groundnut,Rice,0.1332,0.0959,5,False,True,Sorghum,Gujarat,Kharif,5.5,291.0,31.5,Moderate ecological ambiguity (Top-5 compatible)
368,Rice,Mustard,0.1481,0.093,5,False,True,Urad,Odisha,Rabi,6.41,198.5,20.6,Moderate ecological ambiguity (Top-5 compatible)
369,Chickpea,Mustard,0.2746,0.1252,3,True,True,Wheat,Jammu and Kashmir,Rabi,5.97,179.1,20.6,Near-boundary Top-3 tie (Agro-climatic niche overlap)
370,Moong,Maize,0.1426,0.0764,7,False,False,Rice,Nagaland,Kharif,7.35,1449.8,26.3,Severe pedological / environmental divergence
371,Pigeonpea,Rice,0.2424,0.0602,8,False,False,Maize,Meghalaya,Kharif,7.16,2363.2,25.0,Majority class bias under moderate rainfall
372,Maize,Sorghum,0.1231,0.1008,5,False,True,Pearl Millet,Haryana,Kharif,7.98,326.7,28.2,Moderate ecological ambiguity (Top-5 compatible)
373,Sesamum,Wheat,0.2495,0.0177,9,False,False,Mustard,Meghalaya,Rabi,7.65,373.8,18.5,Severe pedological / environmental divergence
375,Mustard,Finger Millet,0.1443,0.0073,15,False,False,Rice,Karnataka,Kharif,4.96,926.7,25.9,Severe pedological / environmental divergence
376,Soybean,Rice,0.2038,0.1147,3,True,True,Maize,Mizoram,Kharif,7.2,1950.9,31.9,Near-boundary Top-3 tie (Agro-climatic niche overlap)
377,Pearl Millet,Rice,0.1309,0.0881,5,False,True,Sorghum,Gujarat,Kharif,5.57,575.9,27.1,Moderate ecological ambiguity (Top-5 compatible)
379,Maize,Rice,0.1477,0.11,3,True,True,Groundnut,Odisha,Rabi,6.81,258.8,26.6,Near-boundary Top-3 tie (Agro-climatic niche overlap)
380,Rice,Urad,0.1127,0.1017,4,False,True,Cotton,Delhi,Kharif,7.49,451.1,26.1,Moderate ecological ambiguity (Top-5 compatible)
381,Finger Millet,Groundnut,0.1366,0.0941,3,True,True,Pearl Millet,Maharashtra,Kharif,8.0,892.1,29.1,Near-boundary Top-3 tie (Agro-climatic niche overlap)
384,Groundnut,Rice,0.1238,0.0737,8,False,False,Maize,Uttar Pradesh,Kharif,7.34,698.0,31.6,Majority class bias under moderate rainfall
385,Sesamum,Sorghum,0.1206,0.0831,6,False,False,Pearl Millet,Uttar Pradesh,Kharif,8.16,475.4,29.6,Severe pedological / environmental divergence
386,Sesamum,Rice,0.1993,0.0996,4,False,True,Maize,Assam,Kharif,7.09,1639.0,33.5,Moderate ecological ambiguity (Top-5 compatible)
388,Finger Millet,Rice,0.1095,0.0924,2,True,True,Finger Millet,Chhattisgarh,Kharif,6.68,848.0,25.4,Near-boundary Top-3 tie (Agro-climatic niche overlap)
389,Sorghum,Groundnut,0.1476,0.0587,10,False,False,Rice,Karnataka,Kharif,5.79,958.7,28.0,Severe pedological / environmental divergence
390,Pigeonpea,Sugarcane,0.6873,0.0129,12,False,False,Sesamum,Madhya Pradesh,Whole Year,6.9,87.8,33.3,Severe pedological / environmental divergence
393,Rice,Maize,0.1693,0.1435,2,True,True,Rice,Assam,Kharif,7.29,1472.5,27.6,Near-boundary Top-3 tie (Agro-climatic niche overlap)
394,Soybean,Rice,0.1166,0.0486,12,False,False,Maize,West Bengal,Kharif,6.26,1227.6,30.4,Majority class bias under moderate rainfall
395,Sorghum,Rice,0.1185,0.0697,9,False,False,Pearl Millet,Karnataka,Kharif,7.6,949.7,26.7,Majority class bias under moderate rainfall
396,Chickpea,Mustard,0.2979,0.2473,2,True,True,Chickpea,Haryana,Rabi,7.15,91.5,20.7,Near-boundary Top-3 tie (Agro-climatic niche overlap)
397,Sorghum,Mustard,0.1238,0.0441,11,False,False,Maize,Karnataka,Rabi,6.3,189.0,20.6,Severe pedological / environmental divergence
398,Rice,Sesamum,0.1564,0.1299,2,True,True,Rice,Arunachal Pradesh,Kharif,7.57,1291.7,27.2,Near-boundary Top-3 tie (Agro-climatic niche overlap)
399,Mustard,Chickpea,0.1544,0.0946,3,True,True,Wheat,Madhya Pradesh,Rabi,6.26,153.5,20.4,Near-boundary Top-3 tie (Agro-climatic niche overlap)
400,Sorghum,Maize,0.1604,0.0325,11,False,False,Rice,West Bengal,Kharif,6.56,1554.8,29.4,Severe pedological / environmental divergence
401,Finger Millet,Rice,0.1036,0.082,7,False,False,Maize,Odisha,Kharif,6.58,1081.8,26.2,Majority class bias under moderate rainfall
402,Moong,Groundnut,0.1249,0.0635,9,False,False,Finger Millet,Madhya Pradesh,Kharif,8.04,785.6,27.9,Severe pedological / environmental divergence
403,Groundnut,Sugarcane,0.5758,0.04,4,False,True,Sesamum,Kerala,Whole Year,5.81,251.0,31.7,Moderate ecological ambiguity (Top-5 compatible)
404,Finger Millet,Maize,0.16,0.0743,7,False,False,Urad,Puducherry,Summer,7.64,105.9,30.6,Severe pedological / environmental divergence
405,Groundnut,Rice,0.1381,0.0774,7,False,False,Urad,Bihar,Kharif,7.48,694.2,30.2,Majority class bias under moderate rainfall
406,Chickpea,Wheat,0.3032,0.1341,3,True,True,Mustard,Punjab,Rabi,5.8,105.7,20.8,Near-boundary Top-3 tie (Agro-climatic niche overlap)
407,Chickpea,Mustard,0.2515,0.2094,3,True,True,Wheat,Bihar,Rabi,7.13,167.6,19.4,Near-boundary Top-3 tie (Agro-climatic niche overlap)
409,Pigeonpea,Urad,0.1,0.092,3,True,True,Groundnut,Uttarakhand,Kharif,7.53,1267.4,30.6,Near-boundary Top-3 tie (Agro-climatic niche overlap)
411,Moong,Mustard,0.1411,0.101,4,False,True,Rice,Mizoram,Rabi,6.48,311.8,23.3,Moderate ecological ambiguity (Top-5 compatible)
412,Sesamum,Mustard,0.1152,0.0818,5,False,True,Chickpea,Andhra Pradesh,Rabi,6.64,124.6,19.0,Moderate ecological ambiguity (Top-5 compatible)
413,Soybean,Sugarcane,0.5202,0.0062,15,False,False,Sesamum,Kerala,Whole Year,5.49,230.4,30.3,Severe pedological / environmental divergence
414,Sesamum,Cotton,0.1623,0.0819,5,False,True,Rice,Manipur,Kharif,7.26,1397.2,26.1,Moderate ecological ambiguity (Top-5 compatible)
415,Maize,Wheat,0.2163,0.0742,4,False,True,Chickpea,Bihar,Rabi,7.2,177.4,20.7,Moderate ecological ambiguity (Top-5 compatible)
416,Mustard,Maize,0.1845,0.0962,3,True,True,Wheat,Maharashtra,Rabi,7.85,126.8,21.0,Near-boundary Top-3 tie (Agro-climatic niche overlap)
417,Cotton,Pearl Millet,0.1094,0.0639,9,False,False,Maize,Haryana,Kharif,7.73,224.2,27.5,Severe pedological / environmental divergence
419,Pigeonpea,Maize,0.1463,0.0807,6,False,False,Rice,Nagaland,Kharif,7.72,1128.2,29.5,Severe pedological / environmental divergence
420,Urad,Rice,0.1265,0.046,12,False,False,Finger Millet,Karnataka,Kharif,5.19,833.4,32.1,Majority class bias under moderate rainfall
421,Pearl Millet,Rice,0.139,0.0781,7,False,False,Moong,Bihar,Kharif,7.59,495.9,28.7,Majority class bias under moderate rainfall
422,Groundnut,Urad,0.1167,0.0826,7,False,False,Pearl Millet,Uttarakhand,Kharif,5.46,1063.5,29.3,Severe pedological / environmental divergence
424,Sorghum,Rice,0.1397,0.0444,9,False,False,Maize,Karnataka,Summer,6.77,109.2,35.8,Majority class bias under moderate rainfall
425,Groundnut,Rice,0.1527,0.0698,9,False,False,Mustard,West Bengal,Rabi,6.57,220.2,17.5,Majority class bias under moderate rainfall
426,Maize,Groundnut,0.127,0.077,8,False,False,Sorghum,Andhra Pradesh,Kharif,7.91,695.9,27.5,Severe pedological / environmental divergence
427,Groundnut,Rice,0.2114,0.057,8,False,False,Cotton,Tripura,Kharif,7.41,2088.7,27.2,Majority class bias under moderate rainfall
428,Pearl Millet,Pigeonpea,0.152,0.0893,5,False,True,Rice,Himachal Pradesh,Kharif,6.29,905.6,28.5,Moderate ecological ambiguity (Top-5 compatible)
429,Sorghum,Rice,0.134,0.0399,12,False,False,Pigeonpea,Bihar,Kharif,7.02,904.6,28.1,Majority class bias under moderate rainfall
430,Urad,Rice,0.128,0.0651,10,False,False,Sorghum,Gujarat,Kharif,4.98,432.5,28.1,Majority class bias under moderate rainfall
431,Chickpea,Mustard,0.2072,0.1045,3,True,True,Wheat,Nagaland,Rabi,7.16,265.8,23.4,Near-boundary Top-3 tie (Agro-climatic niche overlap)
432,Finger Millet,Mustard,0.114,0.1099,2,True,True,Finger Millet,Telangana,Rabi,6.62,186.8,22.7,Near-boundary Top-3 tie (Agro-climatic niche overlap)
433,Sorghum,Rice,0.1743,0.0362,11,False,False,Maize,West Bengal,Kharif,6.83,1630.5,28.8,Majority class bias under moderate rainfall
434,Maize,Pigeonpea,0.1286,0.0851,6,False,False,Cotton,Punjab,Kharif,5.68,276.9,24.9,Severe pedological / environmental divergence
436,Sesamum,Rice,0.1083,0.0889,5,False,True,Finger Millet,Chhattisgarh,Kharif,6.28,1157.5,26.6,Moderate ecological ambiguity (Top-5 compatible)
438,Sorghum,Rice,0.1399,0.0825,7,False,False,Maize,Haryana,Kharif,7.48,333.4,30.6,Majority class bias under moderate rainfall
439,Sorghum,Groundnut,0.1808,0.0646,7,False,False,Rice,Kerala,Kharif,5.89,2262.8,28.5,Severe pedological / environmental divergence
440,Moong,Rice,0.1864,0.1174,4,False,True,Maize,Odisha,Summer,6.4,148.0,33.2,Moderate ecological ambiguity (Top-5 compatible)
441,Soybean,Chickpea,0.1261,0.0111,15,False,False,Mustard,Andhra Pradesh,Rabi,6.57,141.3,18.5,Severe pedological / environmental divergence
442,Soybean,Rice,0.1225,0.0395,11,False,False,Urad,Himachal Pradesh,Kharif,5.49,678.1,31.2,Majority class bias under moderate rainfall
443,Rice,Groundnut,0.1257,0.1006,2,True,True,Rice,Karnataka,Kharif,7.76,947.1,28.1,Near-boundary Top-3 tie (Agro-climatic niche overlap)
445,Sesamum,Rice,0.2211,0.1363,2,True,True,Sesamum,Meghalaya,Kharif,7.3,2213.1,27.6,Near-boundary Top-3 tie (Agro-climatic niche overlap)
446,Rice,Maize,0.1834,0.1441,2,True,True,Rice,West Bengal,Kharif,7.38,1460.1,27.1,Near-boundary Top-3 tie (Agro-climatic niche overlap)
447,Urad,Maize,0.2281,0.0608,6,False,False,Rice,Sikkim,Kharif,7.45,1942.1,32.2,Severe pedological / environmental divergence
448,Groundnut,Rice,0.1901,0.0832,6,False,False,Maize,Gujarat,Summer,5.84,85.2,30.2,Majority class bias under moderate rainfall
449,Sesamum,Cotton,0.1309,0.0714,8,False,False,Rice,Telangana,Kharif,6.5,582.6,31.4,Severe pedological / environmental divergence
450,Maize,Rice,0.3088,0.2105,2,True,True,Maize,Bihar,Summer,7.13,130.8,32.1,Near-boundary Top-3 tie (Agro-climatic niche overlap)
452,Pigeonpea,Rice,0.1222,0.0989,3,True,True,Sesamum,Nagaland,Kharif,7.32,1174.0,25.7,Near-boundary Top-3 tie (Agro-climatic niche overlap)
453,Sesamum,Rice,0.1617,0.0648,7,False,False,Maize,Odisha,Summer,6.35,132.9,31.8,Majority class bias under moderate rainfall
454,Sesamum,Rice,0.1097,0.0827,6,False,False,Groundnut,Karnataka,Kharif,7.68,987.8,27.6,Majority class bias under moderate rainfall
455,Sorghum,Groundnut,0.1708,0.0494,11,False,False,Maize,Chhattisgarh,Kharif,6.98,1275.7,29.9,Severe pedological / environmental divergence
456,Sorghum,Rice,0.1173,0.0976,3,True,True,Pearl Millet,Delhi,Kharif,7.82,617.4,29.8,Near-boundary Top-3 tie (Agro-climatic niche overlap)
458,Chickpea,Mustard,0.2195,0.1465,3,True,True,Wheat,Delhi,Rabi,8.09,96.4,23.4,Near-boundary Top-3 tie (Agro-climatic niche overlap)
459,Finger Millet,Wheat,0.2464,0.024,10,False,False,Mustard,Uttar Pradesh,Rabi,8.16,80.9,22.1,Severe pedological / environmental divergence
460,Moong,Pearl Millet,0.097,0.0756,8,False,False,Maize,Andhra Pradesh,Kharif,6.52,744.9,30.5,Severe pedological / environmental divergence
461,Rice,Maize,0.1207,0.0903,5,False,True,Pearl Millet,Puducherry,Kharif,7.94,1095.1,29.1,Moderate ecological ambiguity (Top-5 compatible)
462,Finger Millet,Rice,0.1141,0.086,4,False,True,Pigeonpea,Puducherry,Kharif,7.5,1147.7,29.1,Moderate ecological ambiguity (Top-5 compatible)
463,Pearl Millet,Groundnut,0.1122,0.0824,5,False,True,Finger Millet,Madhya Pradesh,Kharif,8.03,1117.2,27.5,Moderate ecological ambiguity (Top-5 compatible)
464,Urad,Sugarcane,0.5115,0.028,9,False,False,Sesamum,Kerala,Whole Year,6.03,332.5,30.4,Severe pedological / environmental divergence
465,Maize,Groundnut,0.1365,0.1202,2,True,True,Maize,Chhattisgarh,Kharif,6.42,1061.7,28.1,Near-boundary Top-3 tie (Agro-climatic niche overlap)
466,Cotton,Rice,0.1544,0.089,5,False,True,Maize,Gujarat,Kharif,5.39,502.5,31.1,Moderate ecological ambiguity (Top-5 compatible)
467,Mustard,Chickpea,0.1535,0.1159,2,True,True,Mustard,Karnataka,Rabi,6.08,211.8,17.9,Near-boundary Top-3 tie (Agro-climatic niche overlap)
468,Soybean,Groundnut,0.1325,0.0435,12,False,False,Rice,Maharashtra,Kharif,7.84,996.3,30.7,Severe pedological / environmental divergence
471,Chickpea,Mustard,0.2672,0.1385,3,True,True,Wheat,Himachal Pradesh,Rabi,6.03,177.2,21.5,Near-boundary Top-3 tie (Agro-climatic niche overlap)
472,Moong,Rice,0.1793,0.1424,2,True,True,Moong,Odisha,Summer,6.71,167.1,30.5,Near-boundary Top-3 tie (Agro-climatic niche overlap)
473,Maize,Rice,0.2553,0.1645,2,True,True,Maize,Meghalaya,Kharif,7.93,1849.6,28.1,Near-boundary Top-3 tie (Agro-climatic niche overlap)
474,Maize,Urad,0.1215,0.0946,3,True,True,Rice,Odisha,Kharif,6.08,1030.3,27.7,Near-boundary Top-3 tie (Agro-climatic niche overlap)
475,Urad,Maize,0.1043,0.0845,5,False,True,Rice,Odisha,Kharif,6.3,986.6,29.8,Moderate ecological ambiguity (Top-5 compatible)
476,Maize,Mustard,0.1223,0.0834,3,True,True,Wheat,Andhra Pradesh,Rabi,6.68,112.7,24.0,Near-boundary Top-3 tie (Agro-climatic niche overlap)
477,Moong,Maize,0.1454,0.0739,7,False,False,Rice,Manipur,Kharif,7.16,1381.0,30.6,Severe pedological / environmental divergence
478,Sesamum,Rice,0.1003,0.0837,6,False,False,Finger Millet,Tamil Nadu,Kharif,6.34,1017.2,30.0,Majority class bias under moderate rainfall
479,Wheat,Mustard,0.224,0.2233,2,True,True,Wheat,Bihar,Rabi,7.59,190.0,24.5,Near-boundary Top-3 tie (Agro-climatic niche overlap)
480,Groundnut,Rice,0.2168,0.1118,3,True,True,Maize,Gujarat,Summer,5.34,59.9,33.1,Near-boundary Top-3 tie (Agro-climatic niche overlap)
481,Maize,Sesamum,0.1101,0.0583,11,False,False,Rice,West Bengal,Kharif,6.6,963.6,32.0,Severe pedological / environmental divergence
483,Sorghum,Rice,0.2543,0.0662,7,False,False,Cotton,Kerala,Kharif,5.56,1884.5,25.4,Majority class bias under moderate rainfall
484,Moong,Maize,0.1893,0.0828,5,False,True,Sesamum,Himachal Pradesh,Kharif,5.9,817.2,31.9,Moderate ecological ambiguity (Top-5 compatible)
485,Moong,Rice,0.427,0.1421,3,True,True,Maize,Bihar,Summer,7.47,93.0,32.2,Near-boundary Top-3 tie (Agro-climatic niche overlap)
488,Cotton,Rice,0.1836,0.1,4,False,True,Maize,Meghalaya,Kharif,7.29,2199.2,25.2,Moderate ecological ambiguity (Top-5 compatible)
489,Maize,Finger Millet,0.1293,0.0866,5,False,True,Rice,Gujarat,Kharif,5.3,584.7,30.0,Moderate ecological ambiguity (Top-5 compatible)
490,Pearl Millet,Rice,0.1336,0.0721,7,False,False,Sorghum,Bihar,Kharif,7.73,637.7,31.0,Majority class bias under moderate rainfall
491,Sesamum,Urad,0.1303,0.0807,6,False,False,Rice,Jammu and Kashmir,Kharif,6.02,630.4,25.1,Severe pedological / environmental divergence
493,Sesamum,Rice,0.1946,0.118,3,True,True,Maize,Odisha,Summer,6.42,162.3,33.5,Near-boundary Top-3 tie (Agro-climatic niche overlap)
496,Wheat,Mustard,0.2404,0.2384,2,True,True,Wheat,Jammu and Kashmir,Rabi,5.69,262.3,18.5,Near-boundary Top-3 tie (Agro-climatic niche overlap)
497,Mustard,Chickpea,0.1966,0.1924,2,True,True,Mustard,Bihar,Rabi,7.23,194.9,17.1,Near-boundary Top-3 tie (Agro-climatic niche overlap)
498,Wheat,Mustard,0.4115,0.1567,3,True,True,Chickpea,Punjab,Rabi,5.63,103.8,19.5,Near-boundary Top-3 tie (Agro-climatic niche overlap)
499,Maize,Sesamum,0.1098,0.0854,4,False,True,Rice,Tamil Nadu,Kharif,6.51,999.2,29.2,Moderate ecological ambiguity (Top-5 compatible)
500,Rice,Moong,0.2167,0.167,3,True,True,Maize,Uttar Pradesh,Summer,7.87,65.9,28.4,Near-boundary Top-3 tie (Agro-climatic niche overlap)
502,Urad,Maize,0.1184,0.0715,8,False,False,Groundnut,Uttarakhand,Kharif,8.32,1002.2,26.1,Severe pedological / environmental divergence
504,Cotton,Rice,0.1717,0.1005,5,False,True,Maize,Assam,Kharif,7.25,1723.9,31.6,Moderate ecological ambiguity (Top-5 compatible)
505,Rice,Wheat,0.1889,0.0565,7,False,False,Chickpea,Telangana,Rabi,6.55,120.2,23.6,Severe pedological / environmental divergence
507,Chickpea,Urad,0.1058,0.098,3,True,True,Groundnut,Telangana,Rabi,6.68,200.0,22.2,Near-boundary Top-3 tie (Agro-climatic niche overlap)
508,Groundnut,Mustard,0.1344,0.0633,7,False,False,Rice,West Bengal,Rabi,6.58,296.7,22.8,Severe pedological / environmental divergence
509,Maize,Rice,0.1461,0.1289,3,True,True,Moong,Odisha,Summer,6.29,162.0,33.5,Near-boundary Top-3 tie (Agro-climatic niche overlap)
510,Groundnut,Maize,0.1031,0.0944,4,False,True,Rice,Maharashtra,Kharif,7.32,745.8,28.9,Moderate ecological ambiguity (Top-5 compatible)
512,Pigeonpea,Rice,0.1082,0.0588,12,False,False,Maize,Madhya Pradesh,Kharif,6.31,638.4,31.9,Majority class bias under moderate rainfall
514,Finger Millet,Mustard,0.1331,0.0524,8,False,False,Wheat,Tamil Nadu,Rabi,6.51,154.6,22.5,Severe pedological / environmental divergence
515,Moong,Urad,0.1186,0.0797,5,False,True,Soybean,Odisha,Kharif,6.17,1017.8,24.8,Moderate ecological ambiguity (Top-5 compatible)
516,Soybean,Rice,0.1261,0.0866,4,False,True,Maize,Uttarakhand,Kharif,7.5,1190.1,29.8,Moderate ecological ambiguity (Top-5 compatible)
517,Urad,Rice,0.1356,0.0783,7,False,False,Maize,Gujarat,Kharif,5.87,292.3,28.9,Majority class bias under moderate rainfall
518,Urad,Mustard,0.1301,0.0731,7,False,False,Chickpea,Tamil Nadu,Rabi,6.61,134.5,22.5,Severe pedological / environmental divergence
519,Pigeonpea,Chickpea,0.1187,0.0475,10,False,False,Urad,Andhra Pradesh,Rabi,6.23,192.7,18.6,Severe pedological / environmental divergence
520,Pearl Millet,Rice,0.1186,0.0826,4,False,True,Sesamum,Andhra Pradesh,Kharif,6.58,666.7,26.1,Moderate ecological ambiguity (Top-5 compatible)
523,Pearl Millet,Rice,0.1017,0.0933,2,True,True,Pearl Millet,Andhra Pradesh,Kharif,6.23,689.4,27.2,Near-boundary Top-3 tie (Agro-climatic niche overlap)
524,Cotton,Rice,0.1647,0.0745,7,False,False,Maize,Nagaland,Kharif,7.12,1326.4,26.3,Majority class bias under moderate rainfall
525,Moong,Rice,0.1192,0.0733,9,False,False,Groundnut,Karnataka,Kharif,5.25,659.5,29.2,Majority class bias under moderate rainfall
526,Sorghum,Rice,0.1268,0.0572,11,False,False,Urad,Bihar,Kharif,6.71,895.0,27.4,Majority class bias under moderate rainfall
527,Pigeonpea,Pearl Millet,0.1448,0.0561,10,False,False,Rice,Uttar Pradesh,Kharif,8.0,452.6,27.2,Severe pedological / environmental divergence
528,Urad,Wheat,0.1643,0.0477,9,False,False,Mustard,Telangana,Rabi,6.5,98.8,21.9,Severe pedological / environmental divergence
529,Moong,Pigeonpea,0.2818,0.0657,7,False,False,Maize,Punjab,Kharif,5.61,417.7,30.3,Severe pedological / environmental divergence
530,Rice,Pigeonpea,0.131,0.1104,3,True,True,Sesamum,Uttarakhand,Kharif,5.27,1068.3,28.8,Near-boundary Top-3 tie (Agro-climatic niche overlap)
532,Maize,Rice,0.1418,0.1083,2,True,True,Maize,Bihar,Kharif,7.56,876.4,32.6,Near-boundary Top-3 tie (Agro-climatic niche overlap)
533,Urad,Chickpea,0.115,0.1006,3,True,True,Moong,Karnataka,Rabi,6.2,214.3,17.7,Near-boundary Top-3 tie (Agro-climatic niche overlap)
534,Rice,Maize,0.2291,0.1824,2,True,True,Rice,Sikkim,Kharif,7.41,1906.6,27.4,Near-boundary Top-3 tie (Agro-climatic niche overlap)
535,Rice,Wheat,0.213,0.1333,3,True,True,Mustard,Meghalaya,Rabi,7.36,661.7,15.8,Near-boundary Top-3 tie (Agro-climatic niche overlap)
536,Wheat,Chickpea,0.1634,0.069,6,False,False,Maize,Uttar Pradesh,Rabi,7.85,167.1,24.0,Severe pedological / environmental divergence
537,Groundnut,Rice,0.1434,0.0791,6,False,False,Urad,Uttarakhand,Kharif,6.04,981.2,27.4,Majority class bias under moderate rainfall
538,Mustard,Wheat,0.235,0.2027,2,True,True,Mustard,Tripura,Rabi,7.23,342.9,17.1,Near-boundary Top-3 tie (Agro-climatic niche overlap)
540,Finger Millet,Rice,0.3316,0.086,3,True,True,Moong,Puducherry,Summer,7.66,168.3,30.1,Near-boundary Top-3 tie (Agro-climatic niche overlap)
541,Urad,Rice,0.1477,0.0659,9,False,False,Maize,Bihar,Kharif,7.39,792.5,28.2,Majority class bias under moderate rainfall
542,Pearl Millet,Rice,0.2335,0.0639,8,False,False,Sorghum,Karnataka,Summer,5.34,107.7,27.1,Majority class bias under moderate rainfall
543,Maize,Rice,0.1249,0.1029,2,True,True,Maize,Jharkhand,Kharif,6.08,800.6,30.6,Near-boundary Top-3 tie (Agro-climatic niche overlap)
544,Maize,Groundnut,0.1141,0.1063,2,True,True,Maize,Odisha,Kharif,6.48,1013.0,29.9,Near-boundary Top-3 tie (Agro-climatic niche overlap)
545,Moong,Rice,0.1796,0.0946,4,False,True,Maize,Jammu and Kashmir,Kharif,6.54,731.5,29.1,Moderate ecological ambiguity (Top-5 compatible)
546,Groundnut,Rice,0.3395,0.086,3,True,True,Wheat,Goa,Rabi,5.29,425.8,22.5,Near-boundary Top-3 tie (Agro-climatic niche overlap)
547,Urad,Rice,0.1097,0.0823,5,False,True,Finger Millet,Andhra Pradesh,Kharif,6.81,683.4,30.8,Moderate ecological ambiguity (Top-5 compatible)
548,Maize,Rice,0.2273,0.1867,2,True,True,Maize,Manipur,Kharif,7.37,1635.9,30.2,Near-boundary Top-3 tie (Agro-climatic niche overlap)
549,Urad,Rice,0.1744,0.0726,7,False,False,Maize,Tripura,Kharif,7.32,1506.9,25.0,Majority class bias under moderate rainfall
552,Urad,Wheat,0.1735,0.0984,4,False,True,Chickpea,West Bengal,Rabi,6.18,188.8,21.9,Moderate ecological ambiguity (Top-5 compatible)
553,Groundnut,Rice,0.1585,0.1457,2,True,True,Groundnut,Odisha,Summer,6.57,172.3,33.3,Near-boundary Top-3 tie (Agro-climatic niche overlap)
554,Moong,Sugarcane,0.3238,0.051,7,False,False,Pearl Millet,Tamil Nadu,Whole Year,6.57,92.1,34.7,Severe pedological / environmental divergence
556,Finger Millet,Rice,0.1015,0.0865,4,False,True,Sesamum,Chhattisgarh,Kharif,6.59,1057.5,27.1,Moderate ecological ambiguity (Top-5 compatible)
557,Pigeonpea,Maize,0.1424,0.0665,8,False,False,Rice,Nagaland,Kharif,7.9,983.2,28.6,Severe pedological / environmental divergence
558,Groundnut,Rice,0.1358,0.0761,7,False,False,Moong,Bihar,Kharif,7.73,1116.7,28.2,Majority class bias under moderate rainfall
559,Rice,Mustard,0.146,0.1343,3,True,True,Chickpea,Mizoram,Rabi,6.5,302.8,19.8,Near-boundary Top-3 tie (Agro-climatic niche overlap)
560,Urad,Rice,0.1304,0.0729,9,False,False,Sorghum,Gujarat,Kharif,5.73,311.3,29.0,Majority class bias under moderate rainfall
562,Chickpea,Wheat,0.2373,0.1272,3,True,True,Mustard,Tripura,Rabi,7.57,354.9,16.3,Near-boundary Top-3 tie (Agro-climatic niche overlap)
563,Maize,Moong,0.2265,0.1456,2,True,True,Maize,Uttarakhand,Summer,5.46,157.7,30.7,Near-boundary Top-3 tie (Agro-climatic niche overlap)
565,Groundnut,Maize,0.1998,0.0883,5,False,True,Rice,Maharashtra,Summer,7.82,125.8,32.3,Moderate ecological ambiguity (Top-5 compatible)
566,Pearl Millet,Rice,0.1639,0.0486,8,False,False,Maize,Puducherry,Summer,6.56,172.9,29.6,Majority class bias under moderate rainfall
567,Rice,Moong,0.2682,0.2479,2,True,True,Rice,Bihar,Summer,7.18,81.8,27.8,Near-boundary Top-3 tie (Agro-climatic niche overlap)
568,Pigeonpea,Rice,0.1261,0.0468,12,False,False,Sesamum,Chhattisgarh,Kharif,6.27,1274.4,28.4,Majority class bias under moderate rainfall
569,Groundnut,Finger Millet,0.1099,0.0912,4,False,True,Sesamum,Puducherry,Kharif,6.65,1077.2,25.8,Moderate ecological ambiguity (Top-5 compatible)
570,Pigeonpea,Maize,0.0965,0.0578,12,False,False,Sorghum,Maharashtra,Kharif,7.81,1105.4,32.3,Severe pedological / environmental divergence
572,Wheat,Rice,0.1201,0.1191,2,True,True,Wheat,West Bengal,Rabi,6.54,267.6,17.0,Near-boundary Top-3 tie (Agro-climatic niche overlap)
573,Sesamum,Wheat,0.16,0.0518,10,False,False,Mustard,Andhra Pradesh,Rabi,6.63,121.0,24.4,Severe pedological / environmental divergence
574,Cotton,Rice,0.1515,0.0636,10,False,False,Maize,Haryana,Kharif,7.21,368.6,28.6,Majority class bias under moderate rainfall
576,Groundnut,Rice,0.1076,0.0821,5,False,True,Finger Millet,Tamil Nadu,Kharif,6.19,815.7,31.1,Moderate ecological ambiguity (Top-5 compatible)
577,Groundnut,Rice,0.1908,0.0853,6,False,False,Maize,Mizoram,Kharif,6.59,1898.2,29.0,Majority class bias under moderate rainfall
578,Cotton,Moong,0.1299,0.0495,9,False,False,Maize,Himachal Pradesh,Kharif,6.11,661.9,26.9,Severe pedological / environmental divergence
579,Chickpea,Mustard,0.2996,0.2525,2,True,True,Chickpea,Punjab,Rabi,5.59,116.6,22.8,Near-boundary Top-3 tie (Agro-climatic niche overlap)
580,Soybean,Rice,0.1194,0.0468,11,False,False,Maize,Uttar Pradesh,Kharif,7.91,483.3,31.9,Majority class bias under moderate rainfall
581,Rice,Chickpea,0.1403,0.0794,6,False,False,Mustard,Andhra Pradesh,Rabi,6.6,173.7,14.1,Severe pedological / environmental divergence
583,Sorghum,Rice,0.1326,0.0381,12,False,False,Sesamum,Bihar,Kharif,7.25,817.7,27.9,Majority class bias under moderate rainfall
584,Rice,Pearl Millet,0.1223,0.0902,5,False,True,Sesamum,Delhi,Kharif,7.55,250.2,27.9,Moderate ecological ambiguity (Top-5 compatible)
585,Maize,Groundnut,0.1419,0.1042,3,True,True,Wheat,Karnataka,Rabi,8.03,194.1,18.2,Near-boundary Top-3 tie (Agro-climatic niche overlap)
586,Urad,Wheat,0.2062,0.0596,6,False,False,Mustard,Tripura,Rabi,7.31,341.5,24.5,Severe pedological / environmental divergence
588,Pearl Millet,Rice,0.1092,0.1079,2,True,True,Pearl Millet,Maharashtra,Kharif,7.1,763.4,28.4,Near-boundary Top-3 tie (Agro-climatic niche overlap)
591,Groundnut,Rice,0.111,0.0771,8,False,False,Sorghum,Andhra Pradesh,Kharif,6.72,503.2,27.9,Majority class bias under moderate rainfall
592,Urad,Maize,0.1328,0.0582,9,False,False,Pearl Millet,Maharashtra,Kharif,7.86,1045.9,28.1,Severe pedological / environmental divergence
593,Rice,Finger Millet,0.1157,0.1029,3,True,True,Groundnut,Chhattisgarh,Kharif,6.52,1161.4,26.7,Near-boundary Top-3 tie (Agro-climatic niche overlap)
594,Finger Millet,Rice,0.1193,0.0717,10,False,False,Maize,Jharkhand,Kharif,7.0,892.6,29.8,Majority class bias under moderate rainfall
595,Maize,Sorghum,0.1283,0.1079,4,False,True,Pearl Millet,Delhi,Kharif,7.91,289.0,29.9,Moderate ecological ambiguity (Top-5 compatible)
596,Soybean,Rice,0.2086,0.057,9,False,False,Maize,Manipur,Kharif,7.52,1559.6,25.3,Majority class bias under moderate rainfall
597,Groundnut,Wheat,0.1941,0.0447,8,False,False,Mustard,West Bengal,Rabi,7.59,329.9,23.1,Severe pedological / environmental divergence
598,Moong,Rice,0.1033,0.0674,10,False,False,Pigeonpea,Bihar,Kharif,6.86,806.6,29.0,Majority class bias under moderate rainfall
599,Groundnut,Mustard,0.147,0.122,2,True,True,Groundnut,Odisha,Rabi,6.51,207.0,22.4,Near-boundary Top-3 tie (Agro-climatic niche overlap)
600,Urad,Rice,0.1185,0.1009,3,True,True,Chickpea,West Bengal,Rabi,6.59,268.3,21.7,Near-boundary Top-3 tie (Agro-climatic niche overlap)
601,Wheat,Chickpea,0.3547,0.1399,3,True,True,Mustard,Haryana,Rabi,7.26,83.8,20.9,Near-boundary Top-3 tie (Agro-climatic niche overlap)
602,Urad,Mustard,0.1351,0.0979,4,False,True,Chickpea,Odisha,Rabi,6.66,244.8,19.3,Moderate ecological ambiguity (Top-5 compatible)
603,Sesamum,Sugarcane,0.7724,0.0274,4,False,True,Cotton,Madhya Pradesh,Whole Year,7.61,113.6,30.8,Moderate ecological ambiguity (Top-5 compatible)
604,Sugarcane,Pearl Millet,0.1198,0.0291,13,False,False,Groundnut,Uttar Pradesh,Kharif,7.7,529.7,26.8,Severe pedological / environmental divergence
605,Finger Millet,Sugarcane,0.5073,0.0439,6,False,False,Pearl Millet,Tamil Nadu,Whole Year,6.7,122.9,33.1,Severe pedological / environmental divergence
609,Rice,Sesamum,0.1244,0.0991,4,False,True,Urad,Uttarakhand,Kharif,5.97,1126.2,26.6,Moderate ecological ambiguity (Top-5 compatible)
610,Cotton,Rice,0.1289,0.0846,4,False,True,Sorghum,Gujarat,Kharif,5.4,582.8,29.2,Moderate ecological ambiguity (Top-5 compatible)
612,Sorghum,Wheat,0.174,0.1085,4,False,True,Chickpea,Gujarat,Rabi,5.57,121.3,18.5,Moderate ecological ambiguity (Top-5 compatible)
613,Rice,Chickpea,0.2278,0.0626,5,False,True,Wheat,Bihar,Rabi,7.62,160.4,22.4,Moderate ecological ambiguity (Top-5 compatible)
614,Urad,Rice,0.2685,0.0992,3,True,True,Maize,Uttarakhand,Summer,7.75,130.0,31.6,Near-boundary Top-3 tie (Agro-climatic niche overlap)
615,Mustard,Chickpea,0.2064,0.1924,2,True,True,Mustard,Uttarakhand,Rabi,8.06,210.5,24.8,Near-boundary Top-3 tie (Agro-climatic niche overlap)
616,Groundnut,Moong,0.3159,0.0643,4,False,True,Rice,Madhya Pradesh,Summer,7.92,81.7,37.1,Moderate ecological ambiguity (Top-5 compatible)
617,Moong,Mustard,0.2104,0.0604,6,False,False,Wheat,Assam,Rabi,7.39,325.6,15.9,Severe pedological / environmental divergence
618,Soybean,Maize,0.1634,0.0832,6,False,False,Rice,Sikkim,Kharif,7.19,1913.7,25.8,Severe pedological / environmental divergence
619,Maize,Pearl Millet,0.126,0.1065,3,True,True,Rice,Bihar,Kharif,7.47,774.7,26.0,Near-boundary Top-3 tie (Agro-climatic niche overlap)
620,Wheat,Mustard,0.2035,0.1901,2,True,True,Wheat,Tripura,Rabi,7.4,347.7,21.0,Near-boundary Top-3 tie (Agro-climatic niche overlap)
621,Wheat,Chickpea,0.2712,0.1953,2,True,True,Wheat,Madhya Pradesh,Rabi,6.98,109.5,19.9,Near-boundary Top-3 tie (Agro-climatic niche overlap)
622,Pearl Millet,Finger Millet,0.1067,0.0821,6,False,False,Rice,Karnataka,Kharif,8.03,1060.3,29.1,Severe pedological / environmental divergence
623,Moong,Maize,0.1136,0.0906,4,False,True,Rice,Telangana,Kharif,6.98,511.3,27.3,Moderate ecological ambiguity (Top-5 compatible)
624,Pearl Millet,Finger Millet,0.1685,0.0791,6,False,False,Sesamum,Puducherry,Kharif,7.83,1119.4,27.9,Severe pedological / environmental divergence
625,Maize,Rice,0.1998,0.1318,2,True,True,Maize,Tripura,Kharif,7.51,1505.4,30.1,Near-boundary Top-3 tie (Agro-climatic niche overlap)
626,Groundnut,Urad,0.1636,0.0788,7,False,False,Rice,West Bengal,Summer,5.96,165.8,31.6,Severe pedological / environmental divergence
627,Sorghum,Wheat,0.1668,0.0472,9,False,False,Chickpea,Maharashtra,Rabi,7.78,168.3,17.3,Severe pedological / environmental divergence
628,Groundnut,Chickpea,0.1731,0.0567,9,False,False,Mustard,Andhra Pradesh,Rabi,6.51,154.8,19.3,Severe pedological / environmental divergence
629,Wheat,Mustard,0.1883,0.1844,2,True,True,Wheat,Madhya Pradesh,Rabi,7.68,166.9,20.3,Near-boundary Top-3 tie (Agro-climatic niche overlap)
630,Mustard,Wheat,0.2433,0.1662,2,True,True,Mustard,Bihar,Rabi,7.49,185.4,22.5,Near-boundary Top-3 tie (Agro-climatic niche overlap)
631,Rice,Wheat,0.2254,0.139,3,True,True,Mustard,Meghalaya,Rabi,7.61,702.5,20.3,Near-boundary Top-3 tie (Agro-climatic niche overlap)
633,Wheat,Mustard,0.1482,0.0993,3,True,True,Maize,Madhya Pradesh,Rabi,6.76,154.2,22.9,Near-boundary Top-3 tie (Agro-climatic niche overlap)
635,Groundnut,Maize,0.1218,0.083,5,False,True,Rice,Odisha,Kharif,6.45,1235.7,30.5,Moderate ecological ambiguity (Top-5 compatible)
636,Sesamum,Urad,0.1515,0.0793,6,False,False,Rice,Uttarakhand,Kharif,5.88,1171.6,27.7,Severe pedological / environmental divergence
637,Rice,Mustard,0.2854,0.0426,7,False,False,Chickpea,Andhra Pradesh,Rabi,6.55,104.6,20.0,Severe pedological / environmental divergence
638,Cotton,Sugarcane,0.3396,0.0442,9,False,False,Pearl Millet,Tamil Nadu,Whole Year,6.24,99.3,31.1,Severe pedological / environmental divergence
639,Wheat,Mustard,0.3403,0.1614,2,True,True,Wheat,Tripura,Rabi,7.49,310.3,25.1,Near-boundary Top-3 tie (Agro-climatic niche overlap)
640,Mustard,Chickpea,0.1634,0.1207,2,True,True,Mustard,Tamil Nadu,Rabi,6.24,139.7,20.1,Near-boundary Top-3 tie (Agro-climatic niche overlap)
642,Sorghum,Rice,0.126,0.0439,11,False,False,Maize,Nagaland,Kharif,7.3,1293.3,27.4,Majority class bias under moderate rainfall
643,Moong,Rice,0.1381,0.0817,5,False,True,Groundnut,Tamil Nadu,Kharif,5.15,673.1,33.3,Moderate ecological ambiguity (Top-5 compatible)
644,Urad,Maize,0.1474,0.121,3,True,True,Rice,Himachal Pradesh,Kharif,5.71,734.0,27.1,Near-boundary Top-3 tie (Agro-climatic niche overlap)
645,Groundnut,Rice,0.2271,0.0833,5,False,True,Maize,Karnataka,Summer,7.85,126.9,33.2,Moderate ecological ambiguity (Top-5 compatible)
646,Maize,Urad,0.1344,0.085,4,False,True,Rice,Andhra Pradesh,Kharif,6.41,662.9,27.4,Moderate ecological ambiguity (Top-5 compatible)
647,Maize,Soybean,0.1158,0.0905,4,False,True,Sesamum,West Bengal,Kharif,6.39,1207.7,29.7,Moderate ecological ambiguity (Top-5 compatible)
648,Sesamum,Mustard,0.126,0.0608,9,False,False,Moong,Andhra Pradesh,Rabi,6.52,202.8,17.4,Severe pedological / environmental divergence
649,Moong,Rice,0.1216,0.089,5,False,True,Finger Millet,Odisha,Kharif,6.4,1083.4,29.9,Moderate ecological ambiguity (Top-5 compatible)
650,Groundnut,Rice,0.22,0.115,3,True,True,Maize,Gujarat,Summer,5.27,84.1,34.1,Near-boundary Top-3 tie (Agro-climatic niche overlap)
651,Sugarcane,Rice,0.1584,0.0129,14,False,False,Maize,Uttar Pradesh,Kharif,7.31,405.4,30.6,Majority class bias under moderate rainfall
652,Wheat,Mustard,0.1397,0.1007,3,True,True,Rice,West Bengal,Rabi,6.94,242.4,20.1,Near-boundary Top-3 tie (Agro-climatic niche overlap)
653,Moong,Rice,0.1063,0.0744,7,False,False,Sesamum,Odisha,Kharif,6.77,852.8,25.4,Majority class bias under moderate rainfall
654,Moong,Rice,0.1448,0.0845,7,False,False,Groundnut,Jammu and Kashmir,Kharif,5.72,746.2,28.1,Majority class bias under moderate rainfall
655,Cotton,Rice,0.1777,0.1265,3,True,True,Maize,Tripura,Kharif,6.47,2102.3,29.5,Near-boundary Top-3 tie (Agro-climatic niche overlap)
656,Sorghum,Pearl Millet,0.1387,0.0647,9,False,False,Finger Millet,Uttar Pradesh,Kharif,7.9,697.7,24.7,Severe pedological / environmental divergence
657,Pigeonpea,Urad,0.1685,0.0767,8,False,False,Rice,Punjab,Kharif,5.83,436.5,27.9,Severe pedological / environmental divergence
658,Sesamum,Groundnut,0.2096,0.0739,4,False,True,Rice,Gujarat,Kharif,5.51,531.1,30.0,Moderate ecological ambiguity (Top-5 compatible)
659,Mustard,Wheat,0.231,0.2012,2,True,True,Mustard,Nagaland,Rabi,7.44,238.0,21.8,Near-boundary Top-3 tie (Agro-climatic niche overlap)
660,Maize,Wheat,0.1972,0.0872,4,False,True,Chickpea,Telangana,Rabi,6.27,95.1,19.3,Moderate ecological ambiguity (Top-5 compatible)
661,Pigeonpea,Rice,0.2313,0.1334,3,True,True,Maize,Meghalaya,Kharif,7.27,4912.5,27.1,Near-boundary Top-3 tie (Agro-climatic niche overlap)
663,Urad,Chickpea,0.1794,0.0775,5,False,True,Wheat,Andhra Pradesh,Rabi,6.65,156.8,15.0,Moderate ecological ambiguity (Top-5 compatible)
664,Cotton,Rice,0.2643,0.0637,5,False,True,Finger Millet,Kerala,Kharif,5.41,2193.0,27.7,Moderate ecological ambiguity (Top-5 compatible)
665,Pigeonpea,Rice,0.1203,0.0621,9,False,False,Groundnut,Andhra Pradesh,Kharif,6.61,831.2,30.9,Majority class bias under moderate rainfall
666,Sesamum,Rice,0.1698,0.0353,9,False,False,Maize,Puducherry,Summer,8.02,131.7,30.3,Majority class bias under moderate rainfall
669,Groundnut,Rice,0.1746,0.0825,5,False,True,Maize,Odisha,Summer,6.27,131.2,28.9,Moderate ecological ambiguity (Top-5 compatible)
671,Maize,Rice,0.1806,0.136,2,True,True,Maize,Manipur,Kharif,7.6,1334.2,27.8,Near-boundary Top-3 tie (Agro-climatic niche overlap)
673,Moong,Rice,0.1185,0.0806,7,False,False,Pigeonpea,Uttarakhand,Kharif,6.8,1187.6,26.9,Majority class bias under moderate rainfall
674,Soybean,Pigeonpea,0.1253,0.0927,4,False,True,Maize,Manipur,Kharif,7.42,843.9,25.1,Moderate ecological ambiguity (Top-5 compatible)
675,Groundnut,Maize,0.1211,0.1079,3,True,True,Rice,Gujarat,Kharif,5.54,709.5,30.9,Near-boundary Top-3 tie (Agro-climatic niche overlap)
677,Rice,Chickpea,0.1602,0.0805,5,False,True,Mustard,Tamil Nadu,Rabi,6.55,143.0,19.8,Moderate ecological ambiguity (Top-5 compatible)
678,Pigeonpea,Moong,0.1634,0.051,8,False,False,Rice,Punjab,Kharif,6.33,304.2,29.7,Severe pedological / environmental divergence
679,Sorghum,Rice,0.125,0.0465,12,False,False,Sesamum,Bihar,Kharif,7.48,1006.6,27.5,Majority class bias under moderate rainfall
681,Urad,Rice,0.1443,0.0851,5,False,True,Maize,Himachal Pradesh,Kharif,7.01,959.4,28.1,Moderate ecological ambiguity (Top-5 compatible)
682,Maize,Sesamum,0.1013,0.0909,3,True,True,Moong,Andhra Pradesh,Kharif,6.61,814.7,29.6,Near-boundary Top-3 tie (Agro-climatic niche overlap)
683,Sugarcane,Wheat,0.1416,0.012,14,False,False,Mustard,Odisha,Rabi,6.57,206.2,21.0,Severe pedological / environmental divergence
685,Wheat,Mustard,0.2149,0.1954,2,True,True,Wheat,Nagaland,Rabi,7.28,231.2,20.7,Near-boundary Top-3 tie (Agro-climatic niche overlap)
686,Maize,Rice,0.1279,0.0903,4,False,True,Sesamum,West Bengal,Kharif,6.17,1255.1,30.0,Moderate ecological ambiguity (Top-5 compatible)
687,Urad,Moong,0.1927,0.1255,4,False,True,Maize,Gujarat,Summer,5.82,55.2,30.8,Moderate ecological ambiguity (Top-5 compatible)
688,Pigeonpea,Rice,0.1788,0.0723,7,False,False,Maize,Mizoram,Kharif,6.68,1944.3,33.4,Majority class bias under moderate rainfall
689,Urad,Mustard,0.2638,0.0668,5,False,True,Wheat,Assam,Rabi,7.43,350.5,20.0,Moderate ecological ambiguity (Top-5 compatible)
690,Urad,Maize,0.1258,0.0671,9,False,False,Rice,Himachal Pradesh,Kharif,5.95,919.7,25.8,Severe pedological / environmental divergence
691,Rice,Urad,0.1319,0.1174,3,True,True,Maize,Jammu and Kashmir,Kharif,6.2,790.5,27.9,Near-boundary Top-3 tie (Agro-climatic niche overlap)
692,Sesamum,Rice,0.1281,0.0933,4,False,True,Maize,Nagaland,Kharif,7.53,1220.9,25.1,Moderate ecological ambiguity (Top-5 compatible)
693,Sorghum,Mustard,0.1556,0.0572,9,False,False,Wheat,Karnataka,Rabi,7.92,187.4,19.4,Severe pedological / environmental divergence
694,Urad,Groundnut,0.1168,0.0657,10,False,False,Rice,Uttar Pradesh,Kharif,8.06,653.7,27.7,Severe pedological / environmental divergence
695,Maize,Rice,0.2327,0.1184,3,True,True,Sesamum,Arunachal Pradesh,Kharif,7.33,1652.7,27.8,Near-boundary Top-3 tie (Agro-climatic niche overlap)
696,Rice,Moong,0.2956,0.1196,2,True,True,Rice,Puducherry,Summer,6.32,141.8,30.7,Near-boundary Top-3 tie (Agro-climatic niche overlap)
700,Sugarcane,Groundnut,0.1112,0.0121,13,False,False,Pigeonpea,Nagaland,Kharif,7.46,1185.8,28.6,Severe pedological / environmental divergence
701,Sesamum,Sorghum,0.1061,0.086,5,False,True,Rice,Uttarakhand,Kharif,7.81,1039.5,29.1,Moderate ecological ambiguity (Top-5 compatible)
702,Rice,Maize,0.155,0.1369,2,True,True,Rice,West Bengal,Summer,6.5,176.2,33.9,Near-boundary Top-3 tie (Agro-climatic niche overlap)
703,Rice,Finger Millet,0.1261,0.119,3,True,True,Groundnut,Karnataka,Kharif,5.19,802.1,27.5,Near-boundary Top-3 tie (Agro-climatic niche overlap)
704,Cotton,Pearl Millet,0.1254,0.0602,9,False,False,Sorghum,Madhya Pradesh,Kharif,7.5,721.9,26.1,Severe pedological / environmental divergence
706,Groundnut,Rice,0.1803,0.1043,4,False,True,Moong,Odisha,Summer,6.78,148.6,30.1,Moderate ecological ambiguity (Top-5 compatible)
707,Urad,Sesamum,0.1451,0.0894,5,False,True,Rice,Sikkim,Kharif,7.93,1216.9,27.6,Moderate ecological ambiguity (Top-5 compatible)
708,Maize,Rice,0.2611,0.1011,3,True,True,Pigeonpea,Sikkim,Kharif,7.33,1855.6,24.9,Near-boundary Top-3 tie (Agro-climatic niche overlap)
710,Rice,Cotton,0.134,0.0988,2,True,True,Rice,Delhi,Kharif,6.36,417.2,27.3,Near-boundary Top-3 tie (Agro-climatic niche overlap)
713,Urad,Rice,0.2196,0.0848,5,False,True,Maize,Tripura,Kharif,7.25,1732.0,31.8,Moderate ecological ambiguity (Top-5 compatible)
715,Sorghum,Rice,0.1439,0.0499,11,False,False,Sesamum,Bihar,Kharif,7.65,648.5,28.8,Majority class bias under moderate rainfall
716,Cotton,Finger Millet,0.2336,0.0533,11,False,False,Rice,Gujarat,Kharif,5.48,817.4,27.0,Severe pedological / environmental divergence
717,Maize,Wheat,0.2025,0.102,4,False,True,Mustard,Uttar Pradesh,Rabi,7.99,154.2,24.7,Moderate ecological ambiguity (Top-5 compatible)
718,Maize,Finger Millet,0.1156,0.1098,2,True,True,Maize,Odisha,Kharif,6.59,1120.1,29.0,Near-boundary Top-3 tie (Agro-climatic niche overlap)
719,Pearl Millet,Rice,0.116,0.055,12,False,False,Sesamum,Bihar,Kharif,7.19,864.6,25.3,Majority class bias under moderate rainfall
720,Maize,Rice,0.1356,0.0641,8,False,False,Mustard,Mizoram,Rabi,6.47,337.2,20.0,Majority class bias under moderate rainfall
721,Mustard,Wheat,0.1647,0.1621,2,True,True,Mustard,Sikkim,Rabi,7.32,318.4,20.1,Near-boundary Top-3 tie (Agro-climatic niche overlap)
722,Maize,Rice,0.2536,0.2386,2,True,True,Maize,Bihar,Summer,7.58,123.3,30.6,Near-boundary Top-3 tie (Agro-climatic niche overlap)
724,Groundnut,Rice,0.1312,0.0886,5,False,True,Sesamum,Nagaland,Kharif,7.32,1042.4,32.1,Moderate ecological ambiguity (Top-5 compatible)
726,Soybean,Urad,0.1123,0.033,12,False,False,Pearl Millet,Maharashtra,Kharif,7.81,806.7,28.5,Severe pedological / environmental divergence
727,Finger Millet,Mustard,0.1815,0.033,12,False,False,Chickpea,Andhra Pradesh,Rabi,6.2,140.9,25.2,Severe pedological / environmental divergence
728,Sorghum,Pearl Millet,0.1228,0.0952,5,False,True,Rice,Delhi,Kharif,7.99,388.9,32.9,Moderate ecological ambiguity (Top-5 compatible)
730,Sesamum,Groundnut,0.1387,0.0647,9,False,False,Rice,Uttar Pradesh,Kharif,7.79,564.5,26.3,Severe pedological / environmental divergence
731,Chickpea,Mustard,0.1461,0.0843,5,False,True,Rice,Maharashtra,Rabi,8.17,233.9,21.6,Moderate ecological ambiguity (Top-5 compatible)
732,Maize,Rice,0.4041,0.159,2,True,True,Maize,Uttarakhand,Summer,7.16,127.4,36.5,Near-boundary Top-3 tie (Agro-climatic niche overlap)
734,Cotton,Rice,0.2343,0.1061,3,True,True,Maize,Meghalaya,Kharif,7.41,3075.6,27.3,Near-boundary Top-3 tie (Agro-climatic niche overlap)
735,Cotton,Sugarcane,0.53,0.041,6,False,False,Sesamum,Chhattisgarh,Whole Year,6.41,135.6,31.1,Severe pedological / environmental divergence
736,Urad,Rice,0.1505,0.0927,4,False,True,Groundnut,Uttarakhand,Kharif,5.22,1244.4,28.4,Moderate ecological ambiguity (Top-5 compatible)
738,Urad,Maize,0.1052,0.0951,3,True,True,Rice,Odisha,Kharif,6.29,1173.7,31.9,Near-boundary Top-3 tie (Agro-climatic niche overlap)
739,Maize,Cotton,0.1179,0.0868,3,True,True,Soybean,Madhya Pradesh,Kharif,6.46,627.5,29.3,Near-boundary Top-3 tie (Agro-climatic niche overlap)
740,Sorghum,Finger Millet,0.1236,0.0822,6,False,False,Pearl Millet,Maharashtra,Kharif,7.87,969.3,29.6,Severe pedological / environmental divergence
741,Sesamum,Mustard,0.1245,0.0516,11,False,False,Chickpea,Telangana,Rabi,6.8,110.9,20.9,Severe pedological / environmental divergence
742,Pearl Millet,Maize,0.1292,0.0965,4,False,True,Rice,Jammu and Kashmir,Kharif,5.67,697.9,27.0,Moderate ecological ambiguity (Top-5 compatible)
743,Finger Millet,Rice,0.1073,0.066,9,False,False,Maize,Himachal Pradesh,Kharif,5.99,1029.4,29.6,Majority class bias under moderate rainfall
744,Groundnut,Maize,0.0982,0.0657,10,False,False,Rice,Andhra Pradesh,Kharif,6.45,795.6,26.2,Severe pedological / environmental divergence
745,Sorghum,Groundnut,0.1238,0.0747,6,False,False,Rice,Odisha,Kharif,6.56,801.6,30.6,Severe pedological / environmental divergence
746,Moong,Mustard,0.1439,0.0965,4,False,True,Chickpea,Chhattisgarh,Rabi,6.31,166.3,16.7,Moderate ecological ambiguity (Top-5 compatible)
747,Sorghum,Chickpea,0.1684,0.0456,11,False,False,Wheat,Andhra Pradesh,Rabi,6.44,109.3,20.6,Severe pedological / environmental divergence
748,Cotton,Sesamum,0.1602,0.0695,8,False,False,Rice,Punjab,Kharif,6.04,451.0,34.5,Severe pedological / environmental divergence
749,Pigeonpea,Rice,0.1699,0.0773,6,False,False,Cotton,Tripura,Kharif,6.74,1863.0,25.8,Majority class bias under moderate rainfall
750,Pigeonpea,Rice,0.2052,0.0623,7,False,False,Maize,Assam,Kharif,7.98,1743.5,28.4,Majority class bias under moderate rainfall
752,Sesamum,Rice,0.1103,0.0767,9,False,False,Pigeonpea,Uttarakhand,Kharif,5.76,996.6,30.5,Majority class bias under moderate rainfall
753,Rice,Mustard,0.1478,0.1171,2,True,True,Rice,Puducherry,Rabi,6.88,209.4,20.9,Near-boundary Top-3 tie (Agro-climatic niche overlap)
754,Moong,Rice,0.1471,0.127,2,True,True,Moong,Punjab,Kharif,5.76,475.5,28.7,Near-boundary Top-3 tie (Agro-climatic niche overlap)
755,Pearl Millet,Rice,0.136,0.0881,6,False,False,Maize,Haryana,Kharif,7.31,342.9,30.4,Majority class bias under moderate rainfall
756,Sesamum,Rice,0.2225,0.0811,5,False,True,Maize,Mizoram,Kharif,6.29,1549.1,25.7,Moderate ecological ambiguity (Top-5 compatible)
757,Urad,Mustard,0.2498,0.0411,8,False,False,Wheat,Uttarakhand,Rabi,5.24,195.8,23.7,Severe pedological / environmental divergence
758,Sorghum,Rice,0.2512,0.0359,9,False,False,Maize,Karnataka,Summer,7.75,102.1,32.1,Majority class bias under moderate rainfall
759,Pearl Millet,Rice,0.1601,0.0965,4,False,True,Maize,Gujarat,Summer,5.51,29.6,32.0,Moderate ecological ambiguity (Top-5 compatible)
760,Sugarcane,Finger Millet,0.1387,0.0241,13,False,False,Pearl Millet,Puducherry,Kharif,7.91,1069.0,28.5,Severe pedological / environmental divergence
761,Wheat,Moong,0.2166,0.0688,8,False,False,Rice,Odisha,Summer,6.37,154.3,29.0,Severe pedological / environmental divergence
762,Urad,Rice,0.124,0.0762,8,False,False,Mustard,Mizoram,Rabi,6.85,364.4,20.4,Majority class bias under moderate rainfall
763,Sorghum,Rice,0.1293,0.0765,7,False,False,Maize,Haryana,Kharif,7.37,398.9,27.2,Majority class bias under moderate rainfall
765,Urad,Rice,0.2578,0.0876,4,False,True,Maize,Sikkim,Kharif,7.73,1761.1,25.7,Moderate ecological ambiguity (Top-5 compatible)
766,Finger Millet,Chickpea,0.1567,0.0346,12,False,False,Mustard,Tamil Nadu,Rabi,6.89,118.3,22.0,Severe pedological / environmental divergence
768,Rice,Mustard,0.2456,0.0984,4,False,True,Wheat,Tripura,Rabi,7.09,371.5,16.5,Moderate ecological ambiguity (Top-5 compatible)
769,Urad,Mustard,0.2417,0.0492,7,False,False,Wheat,Assam,Rabi,6.92,405.8,22.9,Severe pedological / environmental divergence
770,Finger Millet,Rice,0.2549,0.0473,7,False,False,Maize,Karnataka,Summer,4.95,125.1,36.9,Majority class bias under moderate rainfall
771,Pigeonpea,Rice,0.1452,0.0737,7,False,False,Maize,Manipur,Kharif,7.21,766.1,28.4,Majority class bias under moderate rainfall
772,Rice,Maize,0.1758,0.1509,3,True,True,Moong,West Bengal,Summer,6.62,146.7,30.5,Near-boundary Top-3 tie (Agro-climatic niche overlap)
773,Urad,Chickpea,0.1258,0.0838,5,False,True,Wheat,Andhra Pradesh,Rabi,6.24,168.9,19.4,Moderate ecological ambiguity (Top-5 compatible)
775,Rice,Wheat,0.187,0.1096,3,True,True,Mustard,Assam,Rabi,7.26,246.3,15.4,Near-boundary Top-3 tie (Agro-climatic niche overlap)
776,Cotton,Rice,0.1156,0.0437,12,False,False,Urad,Bihar,Kharif,7.44,1015.4,23.7,Majority class bias under moderate rainfall
777,Finger Millet,Wheat,0.1186,0.0531,10,False,False,Chickpea,Andhra Pradesh,Rabi,6.49,167.6,20.4,Severe pedological / environmental divergence
779,Sesamum,Maize,0.115,0.089,3,True,True,Rice,Andhra Pradesh,Kharif,6.83,761.7,27.4,Near-boundary Top-3 tie (Agro-climatic niche overlap)
780,Groundnut,Finger Millet,0.1206,0.0844,5,False,True,Maize,Karnataka,Rabi,7.97,183.5,20.5,Moderate ecological ambiguity (Top-5 compatible)
781,Sorghum,Rice,0.1316,0.0542,11,False,False,Finger Millet,Jharkhand,Kharif,6.11,884.6,27.8,Majority class bias under moderate rainfall
783,Sesamum,Groundnut,0.1903,0.0586,8,False,False,Pearl Millet,Himachal Pradesh,Kharif,6.0,778.6,29.0,Severe pedological / environmental divergence
784,Pigeonpea,Rice,0.1376,0.0916,5,False,True,Maize,Haryana,Kharif,7.21,420.9,27.4,Moderate ecological ambiguity (Top-5 compatible)
785,Groundnut,Rice,0.1279,0.0944,4,False,True,Urad,Uttarakhand,Kharif,6.12,1129.9,30.8,Moderate ecological ambiguity (Top-5 compatible)
787,Wheat,Moong,0.1138,0.0635,10,False,False,Finger Millet,Karnataka,Rabi,7.67,213.7,16.6,Severe pedological / environmental divergence
788,Pearl Millet,Maize,0.1056,0.0711,9,False,False,Sesamum,Karnataka,Kharif,7.23,970.2,27.4,Severe pedological / environmental divergence
790,Soybean,Groundnut,0.1253,0.0497,12,False,False,Pearl Millet,Karnataka,Kharif,7.76,1018.4,28.3,Severe pedological / environmental divergence
791,Moong,Sugarcane,0.6989,0.0235,8,False,False,Maize,Tripura,Whole Year,6.6,232.7,27.3,Severe pedological / environmental divergence
792,Groundnut,Rice,0.1496,0.1492,2,True,True,Groundnut,Puducherry,Summer,6.54,147.6,34.6,Near-boundary Top-3 tie (Agro-climatic niche overlap)
793,Pearl Millet,Rice,0.1207,0.0724,7,False,False,Maize,Bihar,Kharif,6.14,1007.5,28.9,Majority class bias under moderate rainfall
794,Pearl Millet,Rice,0.1108,0.0854,5,False,True,Urad,Andhra Pradesh,Kharif,6.41,720.4,27.9,Moderate ecological ambiguity (Top-5 compatible)
796,Chickpea,Wheat,0.1442,0.1349,2,True,True,Chickpea,Andhra Pradesh,Rabi,6.3,137.3,20.7,Near-boundary Top-3 tie (Agro-climatic niche overlap)
797,Cotton,Maize,0.1149,0.0951,3,True,True,Soybean,Tamil Nadu,Kharif,6.45,663.9,26.3,Near-boundary Top-3 tie (Agro-climatic niche overlap)
798,Sesamum,Rice,0.2189,0.1045,4,False,True,Maize,Assam,Kharif,6.97,1882.1,30.1,Moderate ecological ambiguity (Top-5 compatible)
800,Pearl Millet,Sugarcane,0.5841,0.0394,5,False,True,Sesamum,Chhattisgarh,Whole Year,6.78,110.3,32.6,Moderate ecological ambiguity (Top-5 compatible)
802,Cotton,Sesamum,0.1707,0.0766,6,False,False,Maize,Nagaland,Kharif,7.15,1274.4,34.1,Severe pedological / environmental divergence
803,Sugarcane,Moong,0.1472,0.0125,14,False,False,Wheat,Odisha,Rabi,6.17,201.2,16.8,Severe pedological / environmental divergence
804,Pearl Millet,Maize,0.1566,0.1104,3,True,True,Sorghum,Haryana,Kharif,8.38,305.1,26.8,Near-boundary Top-3 tie (Agro-climatic niche overlap)
805,Sesamum,Maize,0.1908,0.1022,3,True,True,Rice,Tripura,Kharif,7.63,1522.5,29.0,Near-boundary Top-3 tie (Agro-climatic niche overlap)
807,Chickpea,Mustard,0.2108,0.1127,4,False,True,Rice,Tripura,Rabi,6.91,318.6,18.1,Moderate ecological ambiguity (Top-5 compatible)
808,Urad,Rice,0.1198,0.0869,4,False,True,Mustard,West Bengal,Rabi,6.46,261.6,22.8,Moderate ecological ambiguity (Top-5 compatible)
809,Moong,Maize,0.118,0.084,6,False,False,Rice,Chhattisgarh,Kharif,6.65,1006.2,30.8,Severe pedological / environmental divergence
810,Moong,Maize,0.1228,0.0901,3,True,True,Rice,Telangana,Kharif,6.53,655.0,28.6,Near-boundary Top-3 tie (Agro-climatic niche overlap)
811,Sesamum,Chickpea,0.1485,0.0305,13,False,False,Mustard,Andhra Pradesh,Rabi,6.06,129.4,21.2,Severe pedological / environmental divergence
812,Rice,Maize,0.1536,0.1271,3,True,True,Cotton,Tripura,Kharif,7.13,1419.6,31.9,Near-boundary Top-3 tie (Agro-climatic niche overlap)
813,Mustard,Wheat,0.2672,0.1645,2,True,True,Mustard,Bihar,Rabi,7.28,152.0,24.5,Near-boundary Top-3 tie (Agro-climatic niche overlap)
814,Groundnut,Rice,0.1147,0.0776,7,False,False,Moong,Jammu and Kashmir,Kharif,5.84,807.0,26.2,Majority class bias under moderate rainfall
817,Maize,Rice,0.2094,0.1193,3,True,True,Cotton,Mizoram,Kharif,7.29,1914.3,26.5,Near-boundary Top-3 tie (Agro-climatic niche overlap)
819,Maize,Rice,0.234,0.1422,2,True,True,Maize,Tripura,Kharif,7.89,1630.2,25.5,Near-boundary Top-3 tie (Agro-climatic niche overlap)
822,Groundnut,Rice,0.2333,0.1023,3,True,True,Finger Millet,Puducherry,Summer,8.05,129.7,30.3,Near-boundary Top-3 tie (Agro-climatic niche overlap)
823,Moong,Rice,0.1153,0.0781,6,False,False,Sesamum,Madhya Pradesh,Kharif,7.84,1094.5,27.0,Majority class bias under moderate rainfall
824,Sesamum,Maize,0.102,0.0879,5,False,True,Groundnut,Madhya Pradesh,Kharif,8.01,893.6,31.4,Moderate ecological ambiguity (Top-5 compatible)
827,Sugarcane,Rice,0.1452,0.027,12,False,False,Pearl Millet,Jammu and Kashmir,Kharif,5.64,538.6,28.7,Majority class bias under moderate rainfall
828,Moong,Rice,0.1412,0.09,5,False,True,Urad,Haryana,Kharif,7.24,330.4,25.0,Moderate ecological ambiguity (Top-5 compatible)
829,Groundnut,Rice,0.1158,0.0687,8,False,False,Sesamum,Odisha,Kharif,6.19,1084.0,24.8,Majority class bias under moderate rainfall
830,Rice,Finger Millet,0.0995,0.0952,2,True,True,Rice,Puducherry,Kharif,7.45,1097.8,28.1,Near-boundary Top-3 tie (Agro-climatic niche overlap)
832,Sorghum,Finger Millet,0.1143,0.0924,2,True,True,Sorghum,Tamil Nadu,Kharif,6.37,721.1,30.3,Near-boundary Top-3 tie (Agro-climatic niche overlap)
833,Mustard,Wheat,0.1972,0.1477,2,True,True,Mustard,Meghalaya,Rabi,7.32,704.9,17.9,Near-boundary Top-3 tie (Agro-climatic niche overlap)
834,Maize,Rice,0.1872,0.1284,2,True,True,Maize,Tripura,Kharif,7.06,1485.8,29.4,Near-boundary Top-3 tie (Agro-climatic niche overlap)
835,Moong,Groundnut,0.1099,0.077,6,False,False,Sesamum,Karnataka,Kharif,6.64,986.2,32.6,Severe pedological / environmental divergence
836,Finger Millet,Rice,0.1432,0.0437,12,False,False,Maize,Bihar,Kharif,7.55,775.2,30.4,Majority class bias under moderate rainfall
837,Sesamum,Rice,0.2065,0.1101,4,False,True,Maize,Tripura,Kharif,7.38,1709.9,26.0,Moderate ecological ambiguity (Top-5 compatible)
841,Moong,Wheat,0.2221,0.0462,7,False,False,Mustard,Tripura,Rabi,7.64,358.8,18.1,Severe pedological / environmental divergence
842,Urad,Rice,0.3291,0.0969,4,False,True,Moong,Uttar Pradesh,Summer,7.79,75.8,33.7,Moderate ecological ambiguity (Top-5 compatible)
843,Wheat,Mustard,0.2473,0.1874,3,True,True,Chickpea,Bihar,Rabi,7.2,193.4,21.2,Near-boundary Top-3 tie (Agro-climatic niche overlap)
844,Sorghum,Rice,0.281,0.0669,6,False,False,Maize,Puducherry,Summer,7.81,148.3,28.5,Majority class bias under moderate rainfall
845,Rice,Groundnut,0.1715,0.1532,3,True,True,Finger Millet,Goa,Kharif,5.46,2524.4,27.4,Near-boundary Top-3 tie (Agro-climatic niche overlap)
846,Sesamum,Pearl Millet,0.1246,0.0747,8,False,False,Finger Millet,Karnataka,Kharif,7.9,829.8,27.1,Severe pedological / environmental divergence
847,Pigeonpea,Rice,0.1142,0.1128,2,True,True,Pigeonpea,Manipur,Kharif,7.64,863.2,29.6,Near-boundary Top-3 tie (Agro-climatic niche overlap)
848,Sorghum,Rice,0.1034,0.1027,2,True,True,Sorghum,Maharashtra,Kharif,8.08,1053.4,31.7,Near-boundary Top-3 tie (Agro-climatic niche overlap)
849,Moong,Mustard,0.1625,0.0843,5,False,True,Chickpea,Odisha,Rabi,6.51,156.0,17.9,Moderate ecological ambiguity (Top-5 compatible)
850,Wheat,Sugarcane,0.4162,0.0153,13,False,False,Maize,Kerala,Whole Year,5.67,258.2,28.6,Severe pedological / environmental divergence
851,Maize,Rice,0.258,0.1226,3,True,True,Cotton,Assam,Kharif,7.62,1737.5,30.0,Near-boundary Top-3 tie (Agro-climatic niche overlap)
852,Maize,Rice,0.1749,0.1277,2,True,True,Maize,Gujarat,Summer,5.34,100.0,29.1,Near-boundary Top-3 tie (Agro-climatic niche overlap)
853,Pigeonpea,Rice,0.1106,0.077,7,False,False,Urad,Karnataka,Kharif,6.38,939.5,26.0,Majority class bias under moderate rainfall
855,Moong,Groundnut,0.1432,0.0653,6,False,False,Sorghum,Gujarat,Kharif,5.0,612.6,29.8,Severe pedological / environmental divergence
856,Groundnut,Chickpea,0.1385,0.0547,11,False,False,Mustard,Tamil Nadu,Rabi,6.49,149.5,21.7,Severe pedological / environmental divergence
857,Pearl Millet,Rice,0.2489,0.0533,8,False,False,Groundnut,Karnataka,Summer,7.61,116.9,29.4,Majority class bias under moderate rainfall
858,Urad,Pearl Millet,0.0958,0.0827,7,False,False,Rice,Puducherry,Kharif,7.98,1104.7,29.8,Severe pedological / environmental divergence
859,Pigeonpea,Groundnut,0.1819,0.0476,12,False,False,Rice,Karnataka,Kharif,7.96,1077.6,28.3,Severe pedological / environmental divergence
860,Moong,Maize,0.1488,0.0861,5,False,True,Urad,Madhya Pradesh,Rabi,7.94,159.2,25.9,Moderate ecological ambiguity (Top-5 compatible)
862,Moong,Rice,0.2435,0.1163,4,False,True,Urad,West Bengal,Summer,6.38,225.8,30.7,Moderate ecological ambiguity (Top-5 compatible)
863,Pigeonpea,Urad,0.1253,0.0519,12,False,False,Rice,Chhattisgarh,Kharif,5.96,1028.1,26.8,Severe pedological / environmental divergence
864,Chickpea,Mustard,0.2144,0.2114,2,True,True,Chickpea,Jharkhand,Rabi,7.62,154.5,21.3,Near-boundary Top-3 tie (Agro-climatic niche overlap)
865,Wheat,Chickpea,0.2674,0.1859,3,True,True,Mustard,Punjab,Rabi,7.56,123.9,13.2,Near-boundary Top-3 tie (Agro-climatic niche overlap)
866,Pearl Millet,Sugarcane,0.7978,0.0209,4,False,True,Groundnut,Madhya Pradesh,Whole Year,7.54,72.6,35.3,Moderate ecological ambiguity (Top-5 compatible)
868,Maize,Rice,0.144,0.0884,4,False,True,Sorghum,Gujarat,Kharif,5.26,567.3,26.4,Moderate ecological ambiguity (Top-5 compatible)
869,Rice,Urad,0.1067,0.0934,3,True,True,Sesamum,Haryana,Kharif,7.55,550.5,24.8,Near-boundary Top-3 tie (Agro-climatic niche overlap)
872,Chickpea,Mustard,0.2885,0.1538,3,True,True,Wheat,Jammu and Kashmir,Rabi,6.09,262.5,23.5,Near-boundary Top-3 tie (Agro-climatic niche overlap)
873,Sugarcane,Rice,0.1166,0.0163,14,False,False,Pigeonpea,Jammu and Kashmir,Kharif,5.52,1139.4,24.7,Majority class bias under moderate rainfall
874,Mustard,Wheat,0.3031,0.2331,2,True,True,Mustard,Himachal Pradesh,Rabi,5.92,141.3,20.1,Near-boundary Top-3 tie (Agro-climatic niche overlap)
875,Soybean,Pearl Millet,0.1241,0.0471,11,False,False,Rice,Uttar Pradesh,Kharif,7.9,574.6,31.8,Severe pedological / environmental divergence
876,Moong,Rice,0.3107,0.0759,4,False,True,Maize,Uttarakhand,Summer,7.61,137.2,28.6,Moderate ecological ambiguity (Top-5 compatible)
877,Soybean,Rice,0.2283,0.071,7,False,False,Maize,Sikkim,Kharif,7.39,2012.2,29.7,Majority class bias under moderate rainfall
878,Groundnut,Rice,0.117,0.0973,2,True,True,Groundnut,Tamil Nadu,Kharif,6.59,723.8,29.1,Near-boundary Top-3 tie (Agro-climatic niche overlap)
879,Moong,Maize,0.1062,0.0802,6,False,False,Rice,Madhya Pradesh,Kharif,7.55,729.3,25.6,Severe pedological / environmental divergence
880,Rice,Urad,0.1136,0.1116,2,True,True,Rice,Odisha,Rabi,6.4,231.0,20.6,Near-boundary Top-3 tie (Agro-climatic niche overlap)
881,Cotton,Rice,0.1159,0.0599,12,False,False,Pearl Millet,Karnataka,Kharif,7.61,871.0,27.6,Majority class bias under moderate rainfall
883,Rice,Moong,0.1142,0.0945,4,False,True,Urad,Chhattisgarh,Kharif,6.13,854.0,31.0,Moderate ecological ambiguity (Top-5 compatible)
885,Soybean,Maize,0.1629,0.0421,12,False,False,Pearl Millet,Karnataka,Kharif,8.33,912.5,28.2,Severe pedological / environmental divergence
887,Urad,Pearl Millet,0.1251,0.0758,8,False,False,Rice,Puducherry,Kharif,7.58,1076.5,28.8,Severe pedological / environmental divergence
888,Cotton,Rice,0.1528,0.143,2,True,True,Cotton,Kerala,Kharif,6.62,1797.9,28.1,Near-boundary Top-3 tie (Agro-climatic niche overlap)
889,Sesamum,Wheat,0.2076,0.0659,8,False,False,Maize,Maharashtra,Rabi,7.69,149.7,27.6,Severe pedological / environmental divergence
890,Groundnut,Pearl Millet,0.1209,0.1067,2,True,True,Groundnut,Uttar Pradesh,Kharif,8.02,720.2,28.4,Near-boundary Top-3 tie (Agro-climatic niche overlap)
891,Chickpea,Wheat,0.2463,0.2241,3,True,True,Mustard,Haryana,Rabi,7.73,44.0,19.5,Near-boundary Top-3 tie (Agro-climatic niche overlap)
892,Urad,Rice,0.219,0.0624,7,False,False,Pigeonpea,Arunachal Pradesh,Kharif,7.37,2220.4,28.4,Majority class bias under moderate rainfall
893,Mustard,Chickpea,0.2193,0.1627,2,True,True,Mustard,Uttar Pradesh,Rabi,8.11,100.7,23.6,Near-boundary Top-3 tie (Agro-climatic niche overlap)
894,Soybean,Rice,0.1279,0.056,12,False,False,Sorghum,Gujarat,Kharif,5.46,772.8,25.1,Majority class bias under moderate rainfall
895,Chickpea,Wheat,0.222,0.155,3,True,True,Mustard,Uttarakhand,Rabi,5.37,205.0,18.8,Near-boundary Top-3 tie (Agro-climatic niche overlap)
896,Sorghum,Groundnut,0.113,0.0864,6,False,False,Rice,Puducherry,Kharif,7.72,852.4,30.8,Severe pedological / environmental divergence
899,Pearl Millet,Rice,0.2371,0.0862,5,False,True,Groundnut,Gujarat,Summer,5.26,93.8,31.4,Moderate ecological ambiguity (Top-5 compatible)
900,Maize,Rice,0.1225,0.0998,2,True,True,Maize,Jharkhand,Kharif,7.46,822.6,30.7,Near-boundary Top-3 tie (Agro-climatic niche overlap)
901,Moong,Rice,0.1323,0.0963,4,False,True,Maize,Manipur,Kharif,7.19,857.3,28.5,Moderate ecological ambiguity (Top-5 compatible)
903,Groundnut,Rice,0.2035,0.1194,3,True,True,Maize,Gujarat,Summer,5.61,80.0,33.4,Near-boundary Top-3 tie (Agro-climatic niche overlap)
904,Pearl Millet,Rice,0.1258,0.1054,3,True,True,Maize,Himachal Pradesh,Kharif,5.86,810.3,29.7,Near-boundary Top-3 tie (Agro-climatic niche overlap)
905,Groundnut,Mustard,0.1456,0.0513,11,False,False,Chickpea,Tamil Nadu,Rabi,6.42,89.2,20.2,Severe pedological / environmental divergence
906,Urad,Sesamum,0.1047,0.0927,3,True,True,Rice,West Bengal,Kharif,6.37,1131.5,27.6,Near-boundary Top-3 tie (Agro-climatic niche overlap)
908,Rice,Pearl Millet,0.1342,0.0947,3,True,True,Groundnut,Delhi,Kharif,7.99,585.7,28.1,Near-boundary Top-3 tie (Agro-climatic niche overlap)
909,Pearl Millet,Urad,0.1012,0.0355,13,False,False,Groundnut,Telangana,Rabi,6.83,179.7,23.4,Severe pedological / environmental divergence
910,Cotton,Rice,0.1249,0.0884,5,False,True,Groundnut,Gujarat,Kharif,5.47,610.3,28.6,Moderate ecological ambiguity (Top-5 compatible)
911,Pearl Millet,Rice,0.1399,0.0642,7,False,False,Urad,Jammu and Kashmir,Kharif,5.66,1005.9,28.1,Majority class bias under moderate rainfall
912,Rice,Groundnut,0.1244,0.0906,5,False,True,Soybean,Jharkhand,Kharif,6.76,957.0,29.7,Moderate ecological ambiguity (Top-5 compatible)
913,Moong,Rice,0.143,0.0888,5,False,True,Urad,Jammu and Kashmir,Kharif,5.53,1126.6,30.1,Moderate ecological ambiguity (Top-5 compatible)
914,Sesamum,Urad,0.1113,0.0691,7,False,False,Rice,Chhattisgarh,Kharif,6.33,844.6,23.8,Severe pedological / environmental divergence
915,Sesamum,Rice,0.1234,0.0745,8,False,False,Groundnut,Gujarat,Kharif,5.48,807.1,25.1,Majority class bias under moderate rainfall
917,Maize,Rice,0.1388,0.1214,2,True,True,Maize,Haryana,Kharif,6.96,334.0,30.5,Near-boundary Top-3 tie (Agro-climatic niche overlap)
918,Maize,Rice,0.2188,0.1724,2,True,True,Maize,Meghalaya,Kharif,7.65,2360.5,26.2,Near-boundary Top-3 tie (Agro-climatic niche overlap)
920,Finger Millet,Groundnut,0.2857,0.0892,3,True,True,Rice,Kerala,Kharif,5.5,2274.3,29.4,Near-boundary Top-3 tie (Agro-climatic niche overlap)
922,Maize,Cotton,0.1297,0.0703,6,False,False,Pearl Millet,Delhi,Kharif,8.0,378.5,26.4,Severe pedological / environmental divergence
923,Pigeonpea,Sugarcane,0.6317,0.0153,11,False,False,Sesamum,Kerala,Whole Year,5.26,337.5,31.3,Severe pedological / environmental divergence
924,Maize,Chickpea,0.1382,0.0683,7,False,False,Moong,Tamil Nadu,Rabi,6.42,178.4,19.4,Severe pedological / environmental divergence
926,Pearl Millet,Rice,0.1296,0.0768,6,False,False,Maize,Bihar,Kharif,7.59,892.0,24.8,Majority class bias under moderate rainfall
928,Pigeonpea,Soybean,0.1692,0.0569,11,False,False,Groundnut,Chhattisgarh,Kharif,6.47,1158.7,30.1,Severe pedological / environmental divergence
929,Pearl Millet,Sesamum,0.1026,0.0318,13,False,False,Wheat,Tamil Nadu,Rabi,6.48,192.6,24.7,Severe pedological / environmental divergence
930,Rice,Wheat,0.2057,0.125,3,True,True,Mustard,West Bengal,Rabi,7.81,303.1,19.4,Near-boundary Top-3 tie (Agro-climatic niche overlap)
931,Finger Millet,Urad,0.1263,0.0632,9,False,False,Rice,Uttarakhand,Kharif,5.78,1063.0,25.1,Severe pedological / environmental divergence
932,Rice,Finger Millet,0.1076,0.0865,4,False,True,Groundnut,Puducherry,Kharif,7.89,1057.1,28.5,Moderate ecological ambiguity (Top-5 compatible)
933,Pearl Millet,Sugarcane,0.6185,0.0452,2,True,True,Pearl Millet,Chhattisgarh,Whole Year,6.37,124.6,30.5,Near-boundary Top-3 tie (Agro-climatic niche overlap)
936,Rice,Sesamum,0.1408,0.1315,2,True,True,Rice,Bihar,Kharif,7.77,1017.8,28.4,Near-boundary Top-3 tie (Agro-climatic niche overlap)
938,Maize,Rice,0.1252,0.123,2,True,True,Maize,Haryana,Kharif,7.7,272.7,26.3,Near-boundary Top-3 tie (Agro-climatic niche overlap)
939,Chickpea,Mustard,0.2502,0.2175,2,True,True,Chickpea,Haryana,Rabi,7.41,120.0,17.7,Near-boundary Top-3 tie (Agro-climatic niche overlap)
941,Soybean,Rice,0.1739,0.062,10,False,False,Maize,Manipur,Kharif,7.75,1571.6,30.7,Majority class bias under moderate rainfall
942,Pigeonpea,Maize,0.1438,0.0956,4,False,True,Rice,Assam,Kharif,7.12,1256.8,31.4,Moderate ecological ambiguity (Top-5 compatible)
943,Cotton,Mustard,0.1303,0.0131,13,False,False,Maize,Karnataka,Rabi,8.11,137.8,19.2,Severe pedological / environmental divergence
944,Chickpea,Wheat,0.1745,0.1143,2,True,True,Chickpea,Maharashtra,Rabi,8.02,117.8,19.7,Near-boundary Top-3 tie (Agro-climatic niche overlap)
945,Finger Millet,Rice,0.1014,0.0621,10,False,False,Urad,Madhya Pradesh,Kharif,7.92,659.1,29.5,Majority class bias under moderate rainfall
946,Finger Millet,Rice,0.1062,0.0731,7,False,False,Maize,Karnataka,Kharif,7.8,831.7,30.8,Majority class bias under moderate rainfall
948,Urad,Maize,0.1882,0.0663,6,False,False,Groundnut,Gujarat,Kharif,8.46,492.6,24.5,Severe pedological / environmental divergence
949,Soybean,Groundnut,0.127,0.0555,11,False,False,Pigeonpea,Andhra Pradesh,Kharif,6.3,889.7,30.9,Severe pedological / environmental divergence
950,Soybean,Rice,0.1604,0.0784,7,False,False,Maize,West Bengal,Kharif,6.98,1443.0,29.8,Majority class bias under moderate rainfall
952,Rice,Maize,0.1287,0.1136,2,True,True,Rice,Assam,Kharif,7.7,1269.8,28.8,Near-boundary Top-3 tie (Agro-climatic niche overlap)
953,Groundnut,Rice,0.2446,0.0361,8,False,False,Maize,Arunachal Pradesh,Kharif,7.63,2214.3,30.3,Majority class bias under moderate rainfall
957,Cotton,Maize,0.1331,0.0701,8,False,False,Rice,Uttar Pradesh,Kharif,8.02,464.0,32.6,Severe pedological / environmental divergence
958,Finger Millet,Rice,0.1073,0.0806,5,False,True,Groundnut,Puducherry,Kharif,7.69,1080.1,30.5,Moderate ecological ambiguity (Top-5 compatible)
959,Rice,Moong,0.1053,0.0908,3,True,True,Urad,Andhra Pradesh,Rabi,6.45,161.7,21.7,Near-boundary Top-3 tie (Agro-climatic niche overlap)
960,Wheat,Chickpea,0.2705,0.263,2,True,True,Wheat,Haryana,Rabi,7.39,58.2,19.7,Near-boundary Top-3 tie (Agro-climatic niche overlap)
961,Pearl Millet,Cotton,0.1359,0.0605,9,False,False,Sorghum,Gujarat,Kharif,5.3,328.2,27.7,Severe pedological / environmental divergence
963,Maize,Rice,0.1407,0.1274,2,True,True,Maize,Uttarakhand,Kharif,6.12,923.9,27.3,Near-boundary Top-3 tie (Agro-climatic niche overlap)
964,Urad,Sesamum,0.1299,0.1257,3,True,True,Rice,Haryana,Kharif,7.65,297.1,26.9,Near-boundary Top-3 tie (Agro-climatic niche overlap)
965,Finger Millet,Cotton,0.1457,0.0568,11,False,False,Sorghum,Tamil Nadu,Kharif,6.38,540.7,28.6,Severe pedological / environmental divergence
966,Urad,Rice,0.1239,0.0837,6,False,False,Sesamum,Uttarakhand,Kharif,7.09,868.3,26.4,Majority class bias under moderate rainfall
967,Maize,Rice,0.1331,0.116,2,True,True,Maize,Bihar,Kharif,7.1,1102.0,30.0,Near-boundary Top-3 tie (Agro-climatic niche overlap)
968,Moong,Wheat,0.2187,0.0457,9,False,False,Mustard,Chhattisgarh,Rabi,6.52,129.2,21.0,Severe pedological / environmental divergence
969,Rice,Cotton,0.1614,0.1534,2,True,True,Rice,Sikkim,Kharif,7.36,2001.5,31.9,Near-boundary Top-3 tie (Agro-climatic niche overlap)
970,Maize,Rice,0.1356,0.0827,5,False,True,Urad,Bihar,Kharif,7.16,716.4,28.3,Moderate ecological ambiguity (Top-5 compatible)
971,Pigeonpea,Maize,0.1578,0.1075,3,True,True,Rice,Assam,Kharif,7.7,1440.7,27.6,Near-boundary Top-3 tie (Agro-climatic niche overlap)
972,Groundnut,Moong,0.2363,0.077,5,False,True,Rice,West Bengal,Summer,6.7,174.6,32.9,Moderate ecological ambiguity (Top-5 compatible)
973,Pearl Millet,Rice,0.1112,0.0674,9,False,False,Moong,West Bengal,Kharif,6.4,1244.2,27.3,Majority class bias under moderate rainfall
974,Pearl Millet,Finger Millet,0.1121,0.0819,7,False,False,Rice,Andhra Pradesh,Kharif,6.48,669.7,27.1,Severe pedological / environmental divergence
975,Moong,Rice,0.1355,0.1021,3,True,True,Finger Millet,Odisha,Kharif,7.27,999.3,28.5,Near-boundary Top-3 tie (Agro-climatic niche overlap)
977,Chickpea,Wheat,0.184,0.1631,2,True,True,Chickpea,Delhi,Rabi,7.01,143.3,22.6,Near-boundary Top-3 tie (Agro-climatic niche overlap)
978,Groundnut,Pigeonpea,0.1385,0.1003,3,True,True,Rice,Uttarakhand,Kharif,5.93,893.3,25.0,Near-boundary Top-3 tie (Agro-climatic niche overlap)
979,Pigeonpea,Maize,0.1746,0.0848,6,False,False,Rice,Assam,Kharif,7.46,1541.0,28.4,Severe pedological / environmental divergence
980,Soybean,Rice,0.1251,0.0675,8,False,False,Maize,Himachal Pradesh,Kharif,7.42,907.1,30.7,Majority class bias under moderate rainfall
981,Moong,Mustard,0.1905,0.0825,5,False,True,Wheat,Assam,Rabi,7.49,287.0,18.8,Moderate ecological ambiguity (Top-5 compatible)
982,Groundnut,Rice,0.17,0.0925,6,False,False,Maize,Gujarat,Summer,5.38,33.3,30.0,Majority class bias under moderate rainfall
984,Chickpea,Rice,0.1293,0.1028,4,False,True,Wheat,Madhya Pradesh,Rabi,7.7,228.0,21.2,Moderate ecological ambiguity (Top-5 compatible)
985,Finger Millet,Rice,0.1746,0.0753,6,False,False,Groundnut,Kerala,Kharif,6.98,2179.6,27.5,Majority class bias under moderate rainfall
986,Sesamum,Moong,0.1716,0.1012,5,False,True,Rice,Odisha,Summer,6.86,129.7,31.3,Moderate ecological ambiguity (Top-5 compatible)
987,Sesamum,Rice,0.1218,0.0793,7,False,False,Pigeonpea,Uttarakhand,Kharif,7.34,917.2,27.7,Majority class bias under moderate rainfall
988,Soybean,Pearl Millet,0.118,0.0476,11,False,False,Rice,Andhra Pradesh,Kharif,6.62,762.3,30.6,Severe pedological / environmental divergence
989,Cotton,Pigeonpea,0.208,0.0668,8,False,False,Sesamum,Punjab,Kharif,5.96,282.7,27.7,Severe pedological / environmental divergence
990,Pigeonpea,Groundnut,0.1455,0.0776,6,False,False,Rice,Karnataka,Kharif,8.22,984.6,28.7,Severe pedological / environmental divergence
991,Maize,Chickpea,0.1731,0.0707,5,False,True,Mustard,Uttar Pradesh,Rabi,7.98,119.4,21.8,Moderate ecological ambiguity (Top-5 compatible)
992,Groundnut,Rice,0.1161,0.0549,10,False,False,Maize,Manipur,Kharif,7.3,925.7,27.1,Majority class bias under moderate rainfall
993,Rice,Finger Millet,0.117,0.1151,2,True,True,Rice,Uttarakhand,Kharif,7.68,1161.2,25.9,Near-boundary Top-3 tie (Agro-climatic niche overlap)
994,Sorghum,Pearl Millet,0.1138,0.104,2,True,True,Sorghum,Maharashtra,Kharif,7.6,988.3,27.2,Near-boundary Top-3 tie (Agro-climatic niche overlap)
995,Maize,Rice,0.1336,0.1114,3,True,True,Sesamum,Punjab,Kharif,7.85,266.9,29.9,Near-boundary Top-3 tie (Agro-climatic niche overlap)
997,Sesamum,Rice,0.1793,0.0743,6,False,False,Moong,Odisha,Summer,6.81,118.4,29.2,Majority class bias under moderate rainfall
999,Mustard,Wheat,0.1759,0.161,2,True,True,Mustard,Bihar,Rabi,7.39,141.8,22.2,Near-boundary Top-3 tie (Agro-climatic niche overlap)
1000,Sesamum,Wheat,0.1979,0.0496,8,False,False,Mustard,Maharashtra,Rabi,7.31,158.9,16.1,Severe pedological / environmental divergence
1001,Sesamum,Maize,0.2166,0.0862,4,False,True,Rice,Mizoram,Kharif,7.32,2868.9,30.5,Moderate ecological ambiguity (Top-5 compatible)
1003,Sugarcane,Rice,0.1071,0.015,13,False,False,Finger Millet,Jammu and Kashmir,Kharif,5.65,934.7,26.0,Majority class bias under moderate rainfall
1005,Cotton,Pearl Millet,0.103,0.0887,5,False,True,Groundnut,Karnataka,Kharif,7.62,620.9,31.5,Moderate ecological ambiguity (Top-5 compatible)
1006,Chickpea,Wheat,0.208,0.1892,3,True,True,Mustard,Himachal Pradesh,Rabi,6.06,165.3,17.9,Near-boundary Top-3 tie (Agro-climatic niche overlap)
1007,Rice,Finger Millet,0.1413,0.1252,2,True,True,Rice,Karnataka,Kharif,5.42,1011.3,29.5,Near-boundary Top-3 tie (Agro-climatic niche overlap)
1008,Moong,Sesamum,0.1356,0.0638,8,False,False,Rice,Haryana,Kharif,7.34,382.6,29.5,Severe pedological / environmental divergence
1009,Cotton,Rice,0.1406,0.0515,9,False,False,Maize,Punjab,Kharif,7.55,269.4,28.2,Majority class bias under moderate rainfall
1010,Cotton,Rice,0.2195,0.0856,6,False,False,Maize,Meghalaya,Kharif,7.57,3585.6,26.6,Majority class bias under moderate rainfall
1011,Maize,Rice,0.1235,0.1092,3,True,True,Pigeonpea,Haryana,Kharif,7.39,462.7,29.7,Near-boundary Top-3 tie (Agro-climatic niche overlap)
1012,Groundnut,Rice,0.2125,0.0639,7,False,False,Mustard,Goa,Rabi,5.11,476.5,21.1,Majority class bias under moderate rainfall
1013,Urad,Rice,0.1624,0.1118,3,True,True,Moong,Haryana,Kharif,7.02,441.6,28.8,Near-boundary Top-3 tie (Agro-climatic niche overlap)
1015,Cotton,Soybean,0.1669,0.0925,4,False,True,Rice,Mizoram,Kharif,6.33,1979.0,29.1,Moderate ecological ambiguity (Top-5 compatible)
1016,Maize,Moong,0.1484,0.1274,4,False,True,Urad,West Bengal,Summer,6.86,158.7,31.6,Moderate ecological ambiguity (Top-5 compatible)
1017,Moong,Pearl Millet,0.1068,0.0785,7,False,False,Sorghum,Maharashtra,Kharif,7.76,750.0,28.1,Severe pedological / environmental divergence
1018,Moong,Maize,0.1103,0.0952,4,False,True,Urad,Tamil Nadu,Rabi,6.35,138.8,27.0,Moderate ecological ambiguity (Top-5 compatible)
1019,Sorghum,Rice,0.1201,0.0854,4,False,True,Maize,Gujarat,Kharif,5.83,593.2,27.7,Moderate ecological ambiguity (Top-5 compatible)
1020,Moong,Maize,0.123,0.071,9,False,False,Cotton,West Bengal,Kharif,6.73,1423.1,30.9,Severe pedological / environmental divergence
1021,Rice,Groundnut,0.1275,0.091,4,False,True,Finger Millet,Maharashtra,Kharif,7.99,1182.9,27.7,Moderate ecological ambiguity (Top-5 compatible)
1022,Sesamum,Mustard,0.179,0.0327,9,False,False,Wheat,Puducherry,Rabi,7.25,220.0,23.2,Severe pedological / environmental divergence
1023,Pearl Millet,Finger Millet,0.1774,0.0524,11,False,False,Sorghum,Andhra Pradesh,Kharif,6.49,721.6,31.7,Severe pedological / environmental divergence
1024,Wheat,Mustard,0.2136,0.1706,2,True,True,Wheat,Manipur,Rabi,7.26,315.7,20.6,Near-boundary Top-3 tie (Agro-climatic niche overlap)
1026,Cotton,Maize,0.1165,0.0392,14,False,False,Mustard,Tamil Nadu,Rabi,6.78,128.1,19.0,Severe pedological / environmental divergence
1027,Finger Millet,Maize,0.1163,0.066,9,False,False,Rice,Nagaland,Kharif,7.09,976.9,27.7,Severe pedological / environmental divergence
1028,Urad,Chickpea,0.1614,0.1018,4,False,True,Wheat,Odisha,Rabi,6.14,208.2,16.1,Moderate ecological ambiguity (Top-5 compatible)
1029,Mustard,Rice,0.1417,0.1201,2,True,True,Mustard,Mizoram,Rabi,6.1,410.9,16.9,Near-boundary Top-3 tie (Agro-climatic niche overlap)
1030,Moong,Wheat,0.2746,0.0871,5,False,True,Mustard,Uttarakhand,Rabi,7.61,243.4,15.2,Moderate ecological ambiguity (Top-5 compatible)
1031,Pearl Millet,Maize,0.1693,0.0527,10,False,False,Rice,Nagaland,Kharif,7.43,1167.9,28.6,Severe pedological / environmental divergence
1032,Groundnut,Rice,0.1041,0.0918,3,True,True,Maize,Chhattisgarh,Kharif,6.92,974.1,30.6,Near-boundary Top-3 tie (Agro-climatic niche overlap)
1033,Sorghum,Maize,0.1218,0.0916,5,False,True,Chickpea,Maharashtra,Rabi,7.96,171.5,17.1,Moderate ecological ambiguity (Top-5 compatible)
1034,Moong,Rice,0.2381,0.0926,4,False,True,Maize,Bihar,Summer,7.71,172.6,32.1,Moderate ecological ambiguity (Top-5 compatible)
1036,Mustard,Sugarcane,0.5696,0.0062,15,False,False,Sesamum,West Bengal,Whole Year,6.64,176.3,28.1,Severe pedological / environmental divergence
1037,Cotton,Groundnut,0.1035,0.0649,9,False,False,Sorghum,Uttar Pradesh,Kharif,7.65,450.6,28.7,Severe pedological / environmental divergence
1038,Maize,Rice,0.1121,0.1026,4,False,True,Moong,Maharashtra,Rabi,7.69,181.0,21.2,Moderate ecological ambiguity (Top-5 compatible)
1039,Groundnut,Maize,0.16,0.0976,4,False,True,Cotton,Gujarat,Kharif,8.28,462.6,26.7,Moderate ecological ambiguity (Top-5 compatible)
1040,Rice,Urad,0.1164,0.0951,5,False,True,Maize,Odisha,Kharif,6.15,1026.8,28.5,Moderate ecological ambiguity (Top-5 compatible)
1041,Pigeonpea,Finger Millet,0.1165,0.0781,8,False,False,Urad,Maharashtra,Kharif,7.43,786.4,29.3,Severe pedological / environmental divergence
1042,Chickpea,Wheat,0.1951,0.1841,2,True,True,Chickpea,Bihar,Rabi,8.01,161.6,22.4,Near-boundary Top-3 tie (Agro-climatic niche overlap)
1044,Pearl Millet,Rice,0.1295,0.064,7,False,False,Maize,Uttar Pradesh,Kharif,7.6,602.8,27.4,Majority class bias under moderate rainfall
1045,Soybean,Rice,0.1289,0.0524,10,False,False,Groundnut,Himachal Pradesh,Kharif,5.42,747.3,27.8,Majority class bias under moderate rainfall
1046,Wheat,Mustard,0.1701,0.1539,2,True,True,Wheat,Arunachal Pradesh,Rabi,7.23,293.1,15.8,Near-boundary Top-3 tie (Agro-climatic niche overlap)
1047,Moong,Groundnut,0.1421,0.0733,7,False,False,Maize,Karnataka,Rabi,8.06,177.2,16.1,Severe pedological / environmental divergence
1048,Moong,Groundnut,0.1135,0.0773,6,False,False,Rice,Odisha,Kharif,6.2,1003.4,32.4,Severe pedological / environmental divergence
1049,Pearl Millet,Sesamum,0.1272,0.0603,10,False,False,Groundnut,Uttar Pradesh,Kharif,7.63,500.6,27.9,Severe pedological / environmental divergence
1050,Moong,Mustard,0.2425,0.0448,8,False,False,Wheat,Uttar Pradesh,Rabi,7.64,127.5,18.8,Severe pedological / environmental divergence
1051,Wheat,Maize,0.1534,0.1368,2,True,True,Wheat,Maharashtra,Rabi,8.28,154.1,22.9,Near-boundary Top-3 tie (Agro-climatic niche overlap)
1052,Urad,Chickpea,0.1686,0.077,5,False,True,Mustard,Chhattisgarh,Rabi,6.56,169.3,18.7,Moderate ecological ambiguity (Top-5 compatible)
1053,Moong,Maize,0.2027,0.0255,9,False,False,Rice,Mizoram,Kharif,7.48,1957.6,27.3,Severe pedological / environmental divergence
1054,Chickpea,Wheat,0.2122,0.1021,4,False,True,Mustard,Meghalaya,Rabi,7.33,648.7,22.3,Moderate ecological ambiguity (Top-5 compatible)
1055,Groundnut,Rice,0.2276,0.2134,2,True,True,Groundnut,Kerala,Kharif,5.15,1813.8,30.4,Near-boundary Top-3 tie (Agro-climatic niche overlap)
1056,Urad,Sorghum,0.151,0.063,9,False,False,Mustard,Karnataka,Rabi,5.22,174.9,23.1,Severe pedological / environmental divergence
1057,Wheat,Mustard,0.2828,0.2406,2,True,True,Wheat,West Bengal,Rabi,7.42,185.0,20.4,Near-boundary Top-3 tie (Agro-climatic niche overlap)
1059,Wheat,Rice,0.133,0.097,5,False,True,Mustard,West Bengal,Rabi,6.56,312.9,18.6,Moderate ecological ambiguity (Top-5 compatible)
1060,Finger Millet,Rice,0.1222,0.0784,9,False,False,Pigeonpea,Uttarakhand,Kharif,6.96,941.6,27.7,Majority class bias under moderate rainfall
1061,Rice,Wheat,0.2082,0.1785,3,True,True,Mustard,Meghalaya,Rabi,7.69,508.5,23.8,Near-boundary Top-3 tie (Agro-climatic niche overlap)
1062,Finger Millet,Cotton,0.13,0.0543,11,False,False,Rice,Tamil Nadu,Kharif,6.48,327.0,27.3,Severe pedological / environmental divergence
1063,Finger Millet,Moong,0.1233,0.0246,12,False,False,Rice,Himachal Pradesh,Kharif,5.69,773.9,29.9,Severe pedological / environmental divergence
1064,Moong,Mustard,0.1729,0.0753,6,False,False,Rice,Tripura,Rabi,7.58,346.7,20.6,Severe pedological / environmental divergence
1065,Chickpea,Mustard,0.1609,0.1197,3,True,True,Wheat,Uttarakhand,Rabi,7.59,225.8,20.7,Near-boundary Top-3 tie (Agro-climatic niche overlap)
1066,Sesamum,Sugarcane,0.5694,0.0747,2,True,True,Sesamum,West Bengal,Whole Year,6.42,200.3,30.0,Near-boundary Top-3 tie (Agro-climatic niche overlap)
1067,Moong,Wheat,0.2379,0.0784,5,False,True,Mustard,Assam,Rabi,7.29,379.2,16.5,Moderate ecological ambiguity (Top-5 compatible)
1068,Maize,Groundnut,0.1285,0.0725,7,False,False,Cotton,Himachal Pradesh,Kharif,5.99,1069.4,27.7,Severe pedological / environmental divergence
1069,Pearl Millet,Rice,0.1248,0.0729,9,False,False,Maize,Bihar,Kharif,7.22,1137.4,29.8,Majority class bias under moderate rainfall
1070,Groundnut,Chickpea,0.1728,0.0577,6,False,False,Wheat,Andhra Pradesh,Rabi,8.0,101.7,15.9,Severe pedological / environmental divergence
1071,Wheat,Mustard,0.2203,0.2078,2,True,True,Wheat,Assam,Rabi,7.0,407.0,19.1,Near-boundary Top-3 tie (Agro-climatic niche overlap)
1073,Finger Millet,Rice,0.1195,0.0849,4,False,True,Groundnut,Gujarat,Kharif,5.81,840.1,29.3,Moderate ecological ambiguity (Top-5 compatible)
1074,Finger Millet,Sugarcane,0.3836,0.0406,8,False,False,Cotton,Tamil Nadu,Whole Year,6.7,92.7,30.4,Severe pedological / environmental divergence
1076,Finger Millet,Rice,0.1644,0.0406,8,False,False,Sesamum,Puducherry,Summer,6.08,176.0,31.3,Majority class bias under moderate rainfall
1078,Chickpea,Mustard,0.2036,0.1649,3,True,True,Wheat,West Bengal,Rabi,7.49,316.3,18.0,Near-boundary Top-3 tie (Agro-climatic niche overlap)
1079,Maize,Groundnut,0.2104,0.119,4,False,True,Rice,Gujarat,Summer,5.09,76.9,36.2,Moderate ecological ambiguity (Top-5 compatible)
1080,Moong,Rice,0.1101,0.088,5,False,True,Urad,Chhattisgarh,Kharif,6.22,1057.0,29.5,Moderate ecological ambiguity (Top-5 compatible)
1081,Sorghum,Pearl Millet,0.1093,0.0841,6,False,False,Urad,Andhra Pradesh,Kharif,7.59,888.6,30.6,Severe pedological / environmental divergence
1082,Urad,Rice,0.1397,0.1094,3,True,True,Maize,Andhra Pradesh,Kharif,6.19,833.9,30.9,Near-boundary Top-3 tie (Agro-climatic niche overlap)
1083,Pigeonpea,Rice,0.1373,0.0892,4,False,True,Maize,Himachal Pradesh,Kharif,8.02,907.2,26.7,Moderate ecological ambiguity (Top-5 compatible)
1084,Pigeonpea,Urad,0.124,0.0819,4,False,True,Rice,Jharkhand,Kharif,6.4,925.3,26.5,Moderate ecological ambiguity (Top-5 compatible)
1085,Urad,Groundnut,0.1019,0.0818,5,False,True,Sorghum,Puducherry,Kharif,7.73,1295.3,30.7,Moderate ecological ambiguity (Top-5 compatible)
1086,Sesamum,Mustard,0.1602,0.074,9,False,False,Groundnut,Odisha,Rabi,6.39,190.5,24.0,Severe pedological / environmental divergence
1087,Sesamum,Sugarcane,0.8501,0.0106,8,False,False,Sorghum,Madhya Pradesh,Whole Year,7.87,117.4,33.0,Severe pedological / environmental divergence
1088,Groundnut,Rice,0.1476,0.0665,9,False,False,Maize,Haryana,Kharif,7.36,397.4,31.0,Majority class bias under moderate rainfall
1089,Sorghum,Mustard,0.1382,0.0554,10,False,False,Wheat,Andhra Pradesh,Rabi,6.78,120.2,18.2,Severe pedological / environmental divergence
1090,Sugarcane,Rice,0.1215,0.019,13,False,False,Sesamum,Nagaland,Kharif,7.46,1179.0,28.0,Majority class bias under moderate rainfall
1091,Urad,Rice,0.1769,0.0673,6,False,False,Maize,Puducherry,Summer,6.69,148.2,32.5,Majority class bias under moderate rainfall
1092,Pigeonpea,Rice,0.094,0.0787,9,False,False,Pearl Millet,Madhya Pradesh,Kharif,7.64,1090.3,29.1,Majority class bias under moderate rainfall
1093,Rice,Wheat,0.1761,0.1125,2,True,True,Rice,Karnataka,Rabi,7.68,214.4,20.2,Near-boundary Top-3 tie (Agro-climatic niche overlap)
1095,Chickpea,Mustard,0.2333,0.1431,3,True,True,Wheat,Tripura,Rabi,7.2,225.5,21.0,Near-boundary Top-3 tie (Agro-climatic niche overlap)
1096,Urad,Mustard,0.1017,0.0701,10,False,False,Rice,Tamil Nadu,Rabi,6.55,190.9,23.1,Severe pedological / environmental divergence
1097,Mustard,Rice,0.103,0.0151,15,False,False,Urad,Andhra Pradesh,Kharif,5.93,640.8,24.6,Majority class bias under moderate rainfall
1098,Groundnut,Sugarcane,0.8768,0.0138,4,False,True,Maize,West Bengal,Whole Year,7.75,185.6,35.2,Moderate ecological ambiguity (Top-5 compatible)
1099,Mustard,Wheat,0.193,0.1693,2,True,True,Mustard,Assam,Rabi,7.28,296.5,23.7,Near-boundary Top-3 tie (Agro-climatic niche overlap)
1101,Sesamum,Rice,0.1227,0.1075,2,True,True,Sesamum,Gujarat,Kharif,5.56,583.4,26.8,Near-boundary Top-3 tie (Agro-climatic niche overlap)
1102,Groundnut,Maize,0.1608,0.0885,4,False,True,Rice,Himachal Pradesh,Kharif,5.51,890.7,26.6,Moderate ecological ambiguity (Top-5 compatible)
1105,Urad,Maize,0.1297,0.0795,7,False,False,Rice,Punjab,Kharif,6.0,553.9,32.3,Severe pedological / environmental divergence
1106,Sorghum,Maize,0.1389,0.0383,12,False,False,Rice,Bihar,Kharif,7.54,922.1,29.2,Severe pedological / environmental divergence
1107,Cotton,Urad,0.1089,0.0959,3,True,True,Sesamum,Andhra Pradesh,Kharif,6.5,681.2,26.8,Near-boundary Top-3 tie (Agro-climatic niche overlap)
1108,Maize,Sugarcane,0.8671,0.0224,2,True,True,Maize,Sikkim,Whole Year,7.44,231.9,29.9,Near-boundary Top-3 tie (Agro-climatic niche overlap)
1109,Sesamum,Sugarcane,0.4508,0.0595,3,True,True,Wheat,Tamil Nadu,Whole Year,6.72,102.1,30.8,Near-boundary Top-3 tie (Agro-climatic niche overlap)
1110,Sorghum,Urad,0.1184,0.1043,3,True,True,Chickpea,Karnataka,Rabi,7.88,191.2,16.2,Near-boundary Top-3 tie (Agro-climatic niche overlap)
1111,Groundnut,Finger Millet,0.2667,0.1254,3,True,True,Rice,Goa,Kharif,5.75,3286.7,28.0,Near-boundary Top-3 tie (Agro-climatic niche overlap)
1112,Urad,Wheat,0.1719,0.0769,5,False,True,Mustard,Chhattisgarh,Rabi,6.62,164.2,20.6,Moderate ecological ambiguity (Top-5 compatible)
1113,Chickpea,Wheat,0.2014,0.1219,3,True,True,Mustard,Uttarakhand,Rabi,7.85,305.8,15.1,Near-boundary Top-3 tie (Agro-climatic niche overlap)
1115,Sesamum,Maize,0.1788,0.1064,3,True,True,Rice,Assam,Kharif,7.31,1544.5,30.5,Near-boundary Top-3 tie (Agro-climatic niche overlap)
1116,Moong,Rice,0.1279,0.0682,8,False,False,Pigeonpea,Gujarat,Kharif,5.63,736.7,27.4,Majority class bias under moderate rainfall
1117,Finger Millet,Wheat,0.1311,0.0434,10,False,False,Chickpea,Karnataka,Rabi,7.76,202.7,18.8,Severe pedological / environmental divergence
1118,Pearl Millet,Finger Millet,0.1156,0.0788,8,False,False,Maize,Tamil Nadu,Kharif,6.67,721.8,26.3,Severe pedological / environmental divergence
1119,Maize,Rice,0.1128,0.06,10,False,False,Pearl Millet,Delhi,Kharif,7.51,454.9,29.6,Majority class bias under moderate rainfall
1120,Sugarcane,Rice,0.115,0.0116,13,False,False,Finger Millet,Puducherry,Kharif,6.74,770.6,26.5,Majority class bias under moderate rainfall
1121,Finger Millet,Rice,0.1111,0.0796,7,False,False,Urad,West Bengal,Kharif,6.61,1133.0,28.4,Majority class bias under moderate rainfall
1122,Groundnut,Urad,0.0964,0.0869,5,False,True,Rice,Chhattisgarh,Kharif,6.77,916.0,28.0,Moderate ecological ambiguity (Top-5 compatible)
1123,Pearl Millet,Mustard,0.1694,0.0644,6,False,False,Wheat,Andhra Pradesh,Rabi,6.41,106.5,22.1,Severe pedological / environmental divergence
1124,Maize,Rice,0.1388,0.1062,3,True,True,Urad,Odisha,Rabi,6.33,271.1,25.6,Near-boundary Top-3 tie (Agro-climatic niche overlap)
1125,Moong,Rice,0.4058,0.1145,3,True,True,Maize,Bihar,Summer,8.01,113.3,30.6,Near-boundary Top-3 tie (Agro-climatic niche overlap)
1126,Pigeonpea,Cotton,0.1444,0.0931,4,False,True,Groundnut,Gujarat,Kharif,5.28,441.3,28.3,Moderate ecological ambiguity (Top-5 compatible)
1127,Sesamum,Sorghum,0.1346,0.1206,2,True,True,Sesamum,Haryana,Kharif,7.22,258.3,27.2,Near-boundary Top-3 tie (Agro-climatic niche overlap)
1128,Urad,Rice,0.1167,0.0735,8,False,False,Pearl Millet,Uttar Pradesh,Kharif,7.66,669.8,29.9,Majority class bias under moderate rainfall
1130,Groundnut,Rice,0.2588,0.1181,3,True,True,Maize,Maharashtra,Summer,7.78,155.5,29.2,Near-boundary Top-3 tie (Agro-climatic niche overlap)
1132,Chickpea,Mustard,0.2348,0.1954,2,True,True,Chickpea,Madhya Pradesh,Rabi,7.67,143.7,23.1,Near-boundary Top-3 tie (Agro-climatic niche overlap)
1133,Maize,Rice,0.13,0.0765,7,False,False,Pigeonpea,Himachal Pradesh,Kharif,6.92,846.3,26.1,Majority class bias under moderate rainfall
1135,Chickpea,Wheat,0.2797,0.2587,2,True,True,Chickpea,Punjab,Rabi,5.61,98.7,19.5,Near-boundary Top-3 tie (Agro-climatic niche overlap)
1136,Moong,Rice,0.1339,0.0599,10,False,False,Groundnut,Maharashtra,Kharif,5.4,1063.9,26.6,Majority class bias under moderate rainfall
1137,Moong,Rice,0.1407,0.0716,8,False,False,Urad,Bihar,Kharif,7.04,917.7,27.3,Majority class bias under moderate rainfall
1138,Cotton,Rice,0.0979,0.0608,12,False,False,Sorghum,Maharashtra,Kharif,7.58,855.4,31.1,Majority class bias under moderate rainfall
1139,Sesamum,Groundnut,0.1071,0.0753,7,False,False,Rice,Telangana,Kharif,8.15,943.3,30.6,Severe pedological / environmental divergence
1140,Groundnut,Rice,0.1751,0.0635,9,False,False,Pearl Millet,Nagaland,Kharif,7.27,1146.2,25.2,Majority class bias under moderate rainfall
1141,Maize,Pigeonpea,0.152,0.0964,4,False,True,Rice,Punjab,Kharif,5.77,386.2,29.9,Moderate ecological ambiguity (Top-5 compatible)
1143,Chickpea,Mustard,0.1204,0.1202,2,True,True,Chickpea,West Bengal,Rabi,6.36,202.1,17.5,Near-boundary Top-3 tie (Agro-climatic niche overlap)
1144,Pearl Millet,Groundnut,0.1371,0.0704,7,False,False,Rice,Gujarat,Kharif,4.96,563.0,30.9,Severe pedological / environmental divergence
1145,Mustard,Wheat,0.302,0.2013,3,True,True,Chickpea,Haryana,Rabi,7.35,78.3,19.7,Near-boundary Top-3 tie (Agro-climatic niche overlap)
1146,Groundnut,Pigeonpea,0.1667,0.0565,9,False,False,Moong,Punjab,Kharif,5.9,268.6,27.0,Severe pedological / environmental divergence
1147,Maize,Wheat,0.1273,0.1078,2,True,True,Maize,Maharashtra,Rabi,8.07,219.0,23.9,Near-boundary Top-3 tie (Agro-climatic niche overlap)
1149,Groundnut,Rice,0.1269,0.0744,8,False,False,Maize,Chhattisgarh,Kharif,6.46,897.3,30.2,Majority class bias under moderate rainfall
1150,Pigeonpea,Rice,0.1338,0.0979,3,True,True,Maize,Bihar,Kharif,7.17,1015.6,29.7,Near-boundary Top-3 tie (Agro-climatic niche overlap)
1151,Finger Millet,Rice,0.2092,0.0826,4,False,True,Maize,Puducherry,Summer,7.88,154.6,32.4,Moderate ecological ambiguity (Top-5 compatible)
1152,Chickpea,Wheat,0.2353,0.2052,2,True,True,Chickpea,Uttar Pradesh,Rabi,7.48,118.9,20.3,Near-boundary Top-3 tie (Agro-climatic niche overlap)
1153,Finger Millet,Maize,0.1111,0.0588,12,False,False,Rice,Telangana,Kharif,5.93,761.8,30.8,Severe pedological / environmental divergence
1156,Rice,Mustard,0.2327,0.1121,4,False,True,Wheat,Meghalaya,Rabi,7.27,380.9,16.1,Moderate ecological ambiguity (Top-5 compatible)
1159,Wheat,Mustard,0.2839,0.1749,3,True,True,Chickpea,Bihar,Rabi,7.18,125.7,17.5,Near-boundary Top-3 tie (Agro-climatic niche overlap)
1160,Sesamum,Maize,0.2068,0.0953,4,False,True,Rice,Assam,Kharif,7.55,1790.6,27.6,Moderate ecological ambiguity (Top-5 compatible)
1163,Sesamum,Groundnut,0.1181,0.0863,5,False,True,Rice,Telangana,Kharif,6.4,740.3,29.3,Moderate ecological ambiguity (Top-5 compatible)
1164,Sesamum,Wheat,0.1854,0.0264,10,False,False,Mustard,Maharashtra,Rabi,7.62,169.4,16.3,Severe pedological / environmental divergence
1165,Sorghum,Rice,0.2391,0.039,10,False,False,Finger Millet,Kerala,Kharif,5.08,2193.5,31.3,Majority class bias under moderate rainfall
1166,Groundnut,Sesamum,0.1196,0.1017,2,True,True,Groundnut,Telangana,Kharif,7.01,1051.9,32.5,Near-boundary Top-3 tie (Agro-climatic niche overlap)
1167,Mustard,Wheat,0.1741,0.1023,4,False,True,Sorghum,Uttar Pradesh,Rabi,8.07,146.0,22.5,Moderate ecological ambiguity (Top-5 compatible)
1168,Rice,Maize,0.1437,0.1219,2,True,True,Rice,Tripura,Kharif,7.08,1361.9,25.0,Near-boundary Top-3 tie (Agro-climatic niche overlap)
1169,Pigeonpea,Groundnut,0.1126,0.0581,12,False,False,Maize,Andhra Pradesh,Kharif,7.08,633.0,32.0,Severe pedological / environmental divergence
1170,Pigeonpea,Rice,0.1536,0.1054,3,True,True,Maize,Assam,Kharif,7.56,1336.3,27.7,Near-boundary Top-3 tie (Agro-climatic niche overlap)
1171,Soybean,Rice,0.1647,0.0636,9,False,False,Maize,Nagaland,Kharif,7.54,974.3,28.9,Majority class bias under moderate rainfall
1173,Moong,Rice,0.3099,0.1064,3,True,True,Maize,Uttar Pradesh,Summer,7.58,68.3,36.6,Near-boundary Top-3 tie (Agro-climatic niche overlap)
1174,Sesamum,Wheat,0.1605,0.0601,9,False,False,Chickpea,Puducherry,Rabi,7.6,221.8,23.0,Severe pedological / environmental divergence
1175,Pearl Millet,Rice,0.1467,0.1056,2,True,True,Pearl Millet,Haryana,Kharif,7.81,329.7,25.0,Near-boundary Top-3 tie (Agro-climatic niche overlap)
1176,Rice,Wheat,0.1873,0.068,6,False,False,Chickpea,Andhra Pradesh,Rabi,6.82,118.6,21.1,Severe pedological / environmental divergence
1177,Rice,Chickpea,0.3071,0.0586,5,False,True,Wheat,Bihar,Rabi,7.49,158.7,21.8,Moderate ecological ambiguity (Top-5 compatible)
1178,Pigeonpea,Maize,0.178,0.0472,10,False,False,Groundnut,Uttar Pradesh,Kharif,8.3,473.3,27.8,Severe pedological / environmental divergence
1179,Mustard,Maize,0.1125,0.0053,15,False,False,Groundnut,Karnataka,Kharif,7.18,757.2,29.5,Severe pedological / environmental divergence
1180,Sorghum,Urad,0.1212,0.0686,10,False,False,Maize,Puducherry,Kharif,6.0,1068.4,27.1,Severe pedological / environmental divergence
1181,Chickpea,Wheat,0.1539,0.1357,2,True,True,Chickpea,Delhi,Rabi,6.58,92.1,21.7,Near-boundary Top-3 tie (Agro-climatic niche overlap)
1182,Urad,Maize,0.1163,0.0729,10,False,False,Rice,Haryana,Kharif,7.5,408.9,27.7,Severe pedological / environmental divergence
1183,Urad,Rice,0.113,0.0702,9,False,False,Pearl Millet,Maharashtra,Kharif,7.63,728.8,26.5,Majority class bias under moderate rainfall
1184,Soybean,Rice,0.1242,0.0488,11,False,False,Maize,West Bengal,Kharif,7.36,1328.6,29.6,Majority class bias under moderate rainfall
1185,Rice,Moong,0.1173,0.0757,7,False,False,Chickpea,Andhra Pradesh,Rabi,6.53,206.9,18.5,Severe pedological / environmental divergence
1186,Sesamum,Cotton,0.3641,0.0796,4,False,True,Rice,Kerala,Kharif,6.65,2234.4,26.6,Moderate ecological ambiguity (Top-5 compatible)
1188,Urad,Maize,0.2554,0.0687,5,False,True,Wheat,Karnataka,Rabi,8.53,161.3,16.0,Moderate ecological ambiguity (Top-5 compatible)
1189,Cotton,Rice,0.2238,0.0752,5,False,True,Sesamum,Assam,Kharif,7.47,1601.2,28.6,Moderate ecological ambiguity (Top-5 compatible)
1190,Finger Millet,Rice,0.1914,0.0789,5,False,True,Maize,Karnataka,Summer,7.64,116.6,34.3,Moderate ecological ambiguity (Top-5 compatible)
1191,Finger Millet,Sorghum,0.1507,0.0593,10,False,False,Pigeonpea,Jharkhand,Kharif,6.78,1071.9,29.5,Severe pedological / environmental divergence
1192,Pigeonpea,Maize,0.1773,0.0733,7,False,False,Rice,Tripura,Kharif,6.5,1515.7,29.1,Severe pedological / environmental divergence
1193,Sesamum,Urad,0.0957,0.0932,2,True,True,Sesamum,Karnataka,Kharif,7.85,733.2,27.7,Near-boundary Top-3 tie (Agro-climatic niche overlap)
1194,Moong,Rice,0.1484,0.0894,5,False,True,Urad,Himachal Pradesh,Kharif,5.36,811.9,29.3,Moderate ecological ambiguity (Top-5 compatible)
1195,Sesamum,Rice,0.1609,0.1254,3,True,True,Maize,Odisha,Summer,6.52,152.4,35.1,Near-boundary Top-3 tie (Agro-climatic niche overlap)
1196,Wheat,Mustard,0.2962,0.2077,2,True,True,Wheat,Punjab,Rabi,7.12,111.3,18.2,Near-boundary Top-3 tie (Agro-climatic niche overlap)
1198,Rice,Mustard,0.1589,0.1375,2,True,True,Rice,Odisha,Rabi,6.72,234.5,18.0,Near-boundary Top-3 tie (Agro-climatic niche overlap)
1199,Mustard,Chickpea,0.1718,0.1221,3,True,True,Wheat,Odisha,Rabi,6.41,238.4,19.8,Near-boundary Top-3 tie (Agro-climatic niche overlap)
1200,Maize,Wheat,0.2163,0.0707,6,False,False,Mustard,Nagaland,Rabi,7.21,227.5,23.6,Severe pedological / environmental divergence
1202,Pigeonpea,Rice,0.1571,0.0805,5,False,True,Cotton,West Bengal,Kharif,6.95,1614.8,30.3,Moderate ecological ambiguity (Top-5 compatible)
1203,Maize,Wheat,0.2485,0.0795,4,False,True,Chickpea,Manipur,Rabi,7.44,150.3,21.3,Moderate ecological ambiguity (Top-5 compatible)
1204,Maize,Rice,0.2838,0.1325,2,True,True,Maize,Karnataka,Summer,5.4,134.4,31.5,Near-boundary Top-3 tie (Agro-climatic niche overlap)
1205,Mustard,Wheat,0.2845,0.2306,2,True,True,Mustard,Assam,Rabi,7.49,349.3,20.4,Near-boundary Top-3 tie (Agro-climatic niche overlap)
1207,Wheat,Rice,0.1776,0.1756,2,True,True,Wheat,Meghalaya,Rabi,7.57,628.4,22.7,Near-boundary Top-3 tie (Agro-climatic niche overlap)
1208,Groundnut,Mustard,0.1423,0.0699,6,False,False,Wheat,Andhra Pradesh,Rabi,6.4,105.6,19.5,Severe pedological / environmental divergence
1209,Groundnut,Rice,0.1001,0.0779,6,False,False,Urad,West Bengal,Kharif,6.43,828.7,29.8,Majority class bias under moderate rainfall
1210,Moong,Wheat,0.1924,0.0705,7,False,False,Mustard,Tripura,Rabi,7.27,377.0,22.1,Severe pedological / environmental divergence
1211,Pigeonpea,Wheat,0.202,0.0126,14,False,False,Rice,Mizoram,Rabi,7.68,391.6,23.2,Severe pedological / environmental divergence
1212,Urad,Mustard,0.2678,0.0398,7,False,False,Chickpea,Uttarakhand,Rabi,5.2,206.1,20.3,Severe pedological / environmental divergence
1213,Moong,Finger Millet,0.1206,0.0854,5,False,True,Groundnut,Chhattisgarh,Kharif,6.51,872.3,28.3,Moderate ecological ambiguity (Top-5 compatible)
1216,Wheat,Chickpea,0.1996,0.1887,2,True,True,Wheat,Jharkhand,Rabi,7.74,150.7,20.9,Near-boundary Top-3 tie (Agro-climatic niche overlap)
1217,Sorghum,Cotton,0.1185,0.0851,5,False,True,Rice,West Bengal,Kharif,6.64,826.5,32.1,Moderate ecological ambiguity (Top-5 compatible)
1218,Rice,Sesamum,0.1154,0.109,2,True,True,Rice,Jharkhand,Kharif,6.51,828.1,30.9,Near-boundary Top-3 tie (Agro-climatic niche overlap)
1220,Urad,Rice,0.1932,0.0636,7,False,False,Maize,Tripura,Kharif,6.64,1711.6,28.2,Majority class bias under moderate rainfall
1221,Wheat,Chickpea,0.2511,0.2077,3,True,True,Mustard,Himachal Pradesh,Rabi,7.38,149.3,19.8,Near-boundary Top-3 tie (Agro-climatic niche overlap)
1222,Groundnut,Rice,0.1347,0.0764,7,False,False,Sesamum,Himachal Pradesh,Kharif,6.86,998.3,26.7,Majority class bias under moderate rainfall
1224,Wheat,Chickpea,0.2674,0.181,2,True,True,Wheat,Gujarat,Rabi,5.66,59.0,18.0,Near-boundary Top-3 tie (Agro-climatic niche overlap)
1225,Pigeonpea,Rice,0.1408,0.0986,4,False,True,Sesamum,Haryana,Kharif,7.38,391.1,26.8,Moderate ecological ambiguity (Top-5 compatible)
1226,Rice,Cotton,0.1109,0.1065,2,True,True,Rice,Tamil Nadu,Kharif,6.59,741.1,25.4,Near-boundary Top-3 tie (Agro-climatic niche overlap)
1227,Mustard,Maize,0.1212,0.007,14,False,False,Rice,Karnataka,Kharif,6.75,1007.7,26.8,Severe pedological / environmental divergence
1229,Wheat,Chickpea,0.2963,0.1436,3,True,True,Mustard,Haryana,Rabi,6.57,90.4,23.0,Near-boundary Top-3 tie (Agro-climatic niche overlap)
1231,Pearl Millet,Rice,0.1335,0.0738,7,False,False,Maize,Nagaland,Kharif,7.79,1246.3,27.3,Majority class bias under moderate rainfall
1232,Wheat,Mustard,0.1891,0.1227,4,False,True,Rice,West Bengal,Rabi,7.38,246.4,22.2,Moderate ecological ambiguity (Top-5 compatible)
1233,Chickpea,Wheat,0.2794,0.1779,3,True,True,Mustard,Jammu and Kashmir,Rabi,5.85,200.3,20.4,Near-boundary Top-3 tie (Agro-climatic niche overlap)
1234,Pearl Millet,Rice,0.1401,0.0603,11,False,False,Maize,Uttar Pradesh,Kharif,7.65,473.0,29.8,Majority class bias under moderate rainfall
1235,Pigeonpea,Mustard,0.244,0.0163,10,False,False,Wheat,West Bengal,Rabi,7.8,261.0,21.1,Severe pedological / environmental divergence
1236,Sugarcane,Chickpea,0.1283,0.0147,14,False,False,Rice,Odisha,Rabi,7.01,268.8,21.2,Severe pedological / environmental divergence
1237,Moong,Finger Millet,0.1358,0.0549,9,False,False,Urad,Andhra Pradesh,Rabi,6.56,114.9,21.0,Severe pedological / environmental divergence
1239,Soybean,Rice,0.1537,0.0597,8,False,False,Urad,Himachal Pradesh,Kharif,6.06,833.0,29.2,Majority class bias under moderate rainfall
1240,Sesamum,Chickpea,0.1844,0.0338,12,False,False,Wheat,Maharashtra,Rabi,7.63,161.6,20.1,Severe pedological / environmental divergence
1242,Pearl Millet,Maize,0.1265,0.1121,2,True,True,Pearl Millet,Madhya Pradesh,Kharif,7.53,774.0,30.7,Near-boundary Top-3 tie (Agro-climatic niche overlap)
1243,Cotton,Chickpea,0.3688,0.022,13,False,False,Wheat,Karnataka,Rabi,7.51,180.2,24.8,Severe pedological / environmental divergence
1244,Sesamum,Rice,0.2168,0.0818,5,False,True,Maize,Manipur,Kharif,7.68,1591.9,25.9,Moderate ecological ambiguity (Top-5 compatible)
1245,Rice,Mustard,0.2419,0.1058,4,False,True,Wheat,Meghalaya,Rabi,7.46,363.9,20.2,Moderate ecological ambiguity (Top-5 compatible)
1249,Groundnut,Finger Millet,0.2388,0.1291,3,True,True,Rice,Goa,Kharif,5.46,2944.6,28.8,Near-boundary Top-3 tie (Agro-climatic niche overlap)
1250,Sesamum,Rice,0.1484,0.0897,6,False,False,Maize,Puducherry,Summer,6.36,117.4,34.0,Majority class bias under moderate rainfall
1251,Urad,Finger Millet,0.1275,0.0934,5,False,True,Rice,West Bengal,Rabi,6.43,243.5,16.9,Moderate ecological ambiguity (Top-5 compatible)
1252,Sorghum,Sesamum,0.1128,0.0809,6,False,False,Rice,Puducherry,Kharif,6.57,1064.8,27.2,Severe pedological / environmental divergence
1253,Mustard,Wheat,0.2365,0.1159,4,False,True,Chickpea,Sikkim,Rabi,7.46,357.8,17.3,Moderate ecological ambiguity (Top-5 compatible)
1254,Chickpea,Sorghum,0.1854,0.1148,3,True,True,Wheat,Karnataka,Rabi,4.94,161.9,19.3,Near-boundary Top-3 tie (Agro-climatic niche overlap)
1255,Groundnut,Rice,0.1189,0.0754,8,False,False,Pigeonpea,Manipur,Kharif,7.47,1302.8,32.2,Majority class bias under moderate rainfall
1256,Urad,Wheat,0.1379,0.0766,7,False,False,Rice,West Bengal,Rabi,6.24,368.3,17.8,Severe pedological / environmental divergence
1258,Groundnut,Pearl Millet,0.1215,0.0665,7,False,False,Soybean,Odisha,Kharif,6.93,1049.7,27.8,Severe pedological / environmental divergence
1259,Sorghum,Sugarcane,0.287,0.0398,8,False,False,Sesamum,Kerala,Whole Year,5.78,227.5,33.0,Severe pedological / environmental divergence
1260,Groundnut,Chickpea,0.117,0.0592,12,False,False,Mustard,Andhra Pradesh,Rabi,6.56,98.2,21.8,Severe pedological / environmental divergence
1262,Maize,Moong,0.2738,0.1529,3,True,True,Rice,Uttarakhand,Summer,5.88,197.3,35.7,Near-boundary Top-3 tie (Agro-climatic niche overlap)
1263,Soybean,Maize,0.221,0.0833,4,False,True,Rice,Sikkim,Kharif,7.4,1687.8,30.7,Moderate ecological ambiguity (Top-5 compatible)
1264,Moong,Maize,0.1121,0.0797,7,False,False,Groundnut,West Bengal,Kharif,6.1,836.8,29.7,Severe pedological / environmental divergence
1265,Sesamum,Cotton,0.1493,0.0923,4,False,True,Urad,Punjab,Kharif,5.46,354.7,30.7,Moderate ecological ambiguity (Top-5 compatible)
1266,Soybean,Rice,0.225,0.0641,6,False,False,Maize,Meghalaya,Kharif,7.26,1820.2,25.8,Majority class bias under moderate rainfall
1268,Pigeonpea,Mustard,0.2428,0.0225,9,False,False,Wheat,Mizoram,Rabi,7.56,302.1,18.9,Severe pedological / environmental divergence
1269,Chickpea,Mustard,0.3182,0.1868,3,True,True,Wheat,Punjab,Rabi,5.96,99.1,22.4,Near-boundary Top-3 tie (Agro-climatic niche overlap)
1270,Wheat,Mustard,0.2899,0.2619,2,True,True,Wheat,Punjab,Rabi,5.58,81.0,20.1,Near-boundary Top-3 tie (Agro-climatic niche overlap)
1271,Wheat,Mustard,0.2566,0.1883,3,True,True,Chickpea,Bihar,Rabi,7.69,114.7,19.2,Near-boundary Top-3 tie (Agro-climatic niche overlap)
1272,Maize,Sugarcane,0.7852,0.0366,2,True,True,Maize,Sikkim,Whole Year,7.24,281.5,29.0,Near-boundary Top-3 tie (Agro-climatic niche overlap)
1274,Urad,Groundnut,0.1508,0.0632,10,False,False,Sorghum,Karnataka,Kharif,5.87,1004.8,31.7,Severe pedological / environmental divergence
1277,Rice,Urad,0.1183,0.1056,2,True,True,Rice,Kerala,Rabi,6.39,310.1,21.3,Near-boundary Top-3 tie (Agro-climatic niche overlap)
1278,Finger Millet,Rice,0.1149,0.0631,11,False,False,Groundnut,Puducherry,Kharif,6.7,1002.3,29.4,Majority class bias under moderate rainfall
1279,Cotton,Rice,0.2724,0.0976,3,True,True,Sesamum,Mizoram,Kharif,7.44,2923.7,30.2,Near-boundary Top-3 tie (Agro-climatic niche overlap)
1280,Pearl Millet,Groundnut,0.1198,0.0625,9,False,False,Cotton,Delhi,Kharif,6.94,469.2,28.9,Severe pedological / environmental divergence
1281,Pigeonpea,Rice,0.1283,0.1142,3,True,True,Maize,Manipur,Kharif,7.08,552.1,30.4,Near-boundary Top-3 tie (Agro-climatic niche overlap)
1282,Maize,Rice,0.124,0.087,4,False,True,Urad,Mizoram,Rabi,6.4,366.5,19.7,Moderate ecological ambiguity (Top-5 compatible)
1283,Pearl Millet,Rice,0.1132,0.0852,7,False,False,Sesamum,Jharkhand,Kharif,7.31,923.8,28.9,Majority class bias under moderate rainfall
1284,Mustard,Wheat,0.2132,0.1259,2,True,True,Mustard,Uttar Pradesh,Rabi,7.6,131.1,24.5,Near-boundary Top-3 tie (Agro-climatic niche overlap)
1285,Sesamum,Rice,0.1223,0.0908,5,False,True,Maize,Haryana,Kharif,7.59,341.8,29.2,Moderate ecological ambiguity (Top-5 compatible)
1286,Groundnut,Pigeonpea,0.1464,0.0752,7,False,False,Urad,Madhya Pradesh,Kharif,7.31,818.7,28.3,Severe pedological / environmental divergence
1287,Maize,Mustard,0.1604,0.0969,4,False,True,Wheat,Odisha,Rabi,6.87,201.5,21.0,Moderate ecological ambiguity (Top-5 compatible)
1288,Sorghum,Urad,0.0994,0.0727,7,False,False,Pearl Millet,Tamil Nadu,Rabi,6.11,130.2,20.7,Severe pedological / environmental divergence
1289,Rice,Moong,0.1923,0.1208,2,True,True,Rice,Odisha,Summer,5.89,118.8,30.0,Near-boundary Top-3 tie (Agro-climatic niche overlap)
1290,Sesamum,Urad,0.1225,0.0793,4,False,True,Sorghum,Odisha,Kharif,6.34,963.7,27.4,Moderate ecological ambiguity (Top-5 compatible)
1291,Rice,Maize,0.1683,0.1648,2,True,True,Rice,Mizoram,Kharif,7.0,1490.5,28.9,Near-boundary Top-3 tie (Agro-climatic niche overlap)
1292,Mustard,Wheat,0.1906,0.1769,2,True,True,Mustard,Madhya Pradesh,Rabi,7.77,120.2,18.3,Near-boundary Top-3 tie (Agro-climatic niche overlap)
1293,Groundnut,Rice,0.1083,0.0562,12,False,False,Moong,Chhattisgarh,Kharif,6.48,1019.1,29.5,Majority class bias under moderate rainfall
1294,Cotton,Sugarcane,0.3883,0.0236,12,False,False,Sesamum,Kerala,Whole Year,6.48,299.6,35.7,Severe pedological / environmental divergence
1295,Urad,Rice,0.1111,0.0753,7,False,False,Pearl Millet,Karnataka,Kharif,7.42,921.0,26.5,Majority class bias under moderate rainfall
1296,Pearl Millet,Urad,0.1245,0.0228,14,False,False,Rice,Puducherry,Rabi,6.22,231.2,25.0,Severe pedological / environmental divergence
1297,Soybean,Rice,0.2104,0.042,8,False,False,Maize,Mizoram,Kharif,6.17,2067.2,26.7,Majority class bias under moderate rainfall
1298,Sesamum,Chickpea,0.1273,0.035,12,False,False,Sorghum,Maharashtra,Rabi,7.75,174.7,21.5,Severe pedological / environmental divergence
1299,Pigeonpea,Mustard,0.1573,0.0214,13,False,False,Chickpea,Telangana,Rabi,6.67,118.6,20.1,Severe pedological / environmental divergence
1300,Chickpea,Mustard,0.3328,0.1524,3,True,True,Wheat,Jammu and Kashmir,Rabi,6.17,113.7,20.8,Near-boundary Top-3 tie (Agro-climatic niche overlap)
1301,Wheat,Mustard,0.1918,0.1575,3,True,True,Chickpea,Arunachal Pradesh,Rabi,7.85,424.5,21.9,Near-boundary Top-3 tie (Agro-climatic niche overlap)
1302,Sesamum,Mustard,0.1334,0.0594,9,False,False,Urad,Odisha,Rabi,6.51,245.4,19.6,Severe pedological / environmental divergence
1303,Urad,Pearl Millet,0.1237,0.084,6,False,False,Soybean,Punjab,Kharif,8.06,389.7,28.0,Severe pedological / environmental divergence
1304,Pearl Millet,Rice,0.1316,0.0596,9,False,False,Pigeonpea,Himachal Pradesh,Kharif,7.09,707.4,27.6,Majority class bias under moderate rainfall
1305,Maize,Wheat,0.2588,0.0802,4,False,True,Chickpea,Bihar,Rabi,7.6,94.0,19.2,Moderate ecological ambiguity (Top-5 compatible)
1308,Moong,Rice,0.2737,0.207,2,True,True,Moong,Uttarakhand,Summer,5.46,168.4,30.9,Near-boundary Top-3 tie (Agro-climatic niche overlap)
1311,Finger Millet,Wheat,0.1123,0.1109,2,True,True,Finger Millet,Telangana,Rabi,8.06,163.4,18.0,Near-boundary Top-3 tie (Agro-climatic niche overlap)
1312,Wheat,Chickpea,0.2349,0.2141,2,True,True,Wheat,Bihar,Rabi,7.56,162.2,16.1,Near-boundary Top-3 tie (Agro-climatic niche overlap)
1313,Rice,Wheat,0.1992,0.1498,2,True,True,Rice,Nagaland,Rabi,7.27,280.3,22.3,Near-boundary Top-3 tie (Agro-climatic niche overlap)
1314,Rice,Moong,0.2872,0.2694,2,True,True,Rice,Uttar Pradesh,Summer,8.26,89.6,35.4,Near-boundary Top-3 tie (Agro-climatic niche overlap)
1315,Chickpea,Mustard,0.249,0.2063,2,True,True,Chickpea,Bihar,Rabi,7.37,183.1,17.1,Near-boundary Top-3 tie (Agro-climatic niche overlap)
1316,Pearl Millet,Mustard,0.3203,0.0104,11,False,False,Wheat,Jammu and Kashmir,Rabi,6.0,224.5,20.9,Severe pedological / environmental divergence
1317,Urad,Sesamum,0.1326,0.0784,7,False,False,Pigeonpea,Tamil Nadu,Kharif,6.46,788.3,24.5,Severe pedological / environmental divergence
1318,Urad,Finger Millet,0.1248,0.0964,2,True,True,Urad,Tamil Nadu,Kharif,6.25,863.0,25.2,Near-boundary Top-3 tie (Agro-climatic niche overlap)
1319,Wheat,Chickpea,0.2608,0.211,2,True,True,Wheat,Bihar,Rabi,7.32,143.7,19.8,Near-boundary Top-3 tie (Agro-climatic niche overlap)
1321,Pigeonpea,Rice,0.1085,0.0791,7,False,False,Finger Millet,Chhattisgarh,Kharif,6.55,881.3,27.1,Majority class bias under moderate rainfall
1323,Mustard,Wheat,0.215,0.1447,3,True,True,Rice,Tripura,Rabi,7.75,424.2,17.6,Near-boundary Top-3 tie (Agro-climatic niche overlap)
1324,Pigeonpea,Groundnut,0.1469,0.0671,9,False,False,Rice,Karnataka,Kharif,5.11,881.2,29.1,Severe pedological / environmental divergence
1325,Sesamum,Maize,0.1662,0.09,4,False,True,Pigeonpea,Haryana,Kharif,7.14,439.8,27.3,Moderate ecological ambiguity (Top-5 compatible)
1327,Cotton,Maize,0.1513,0.057,11,False,False,Rice,West Bengal,Kharif,7.57,1247.8,30.7,Severe pedological / environmental divergence
1328,Moong,Rice,0.1257,0.0803,7,False,False,Maize,Jammu and Kashmir,Kharif,5.66,717.2,30.3,Majority class bias under moderate rainfall
1329,Moong,Mustard,0.1386,0.0848,6,False,False,Rice,Tripura,Rabi,6.7,378.8,21.5,Severe pedological / environmental divergence
1330,Groundnut,Chickpea,0.1088,0.0619,8,False,False,Maize,Andhra Pradesh,Rabi,6.61,127.5,23.9,Severe pedological / environmental divergence
1333,Finger Millet,Rice,0.1047,0.0361,12,False,False,Sesamum,Madhya Pradesh,Kharif,7.37,715.4,27.3,Majority class bias under moderate rainfall
1334,Rice,Moong,0.1416,0.1177,3,True,True,Urad,Odisha,Rabi,6.57,244.9,16.9,Near-boundary Top-3 tie (Agro-climatic niche overlap)
1335,Mustard,Maize,0.1937,0.0712,6,False,False,Rice,Karnataka,Rabi,8.28,223.2,17.9,Severe pedological / environmental divergence
1336,Mustard,Chickpea,0.285,0.212,3,True,True,Wheat,Haryana,Rabi,7.51,80.1,18.6,Near-boundary Top-3 tie (Agro-climatic niche overlap)
1337,Pigeonpea,Sesamum,0.0993,0.0784,7,False,False,Rice,Tamil Nadu,Kharif,6.63,676.7,27.3,Severe pedological / environmental divergence
1338,Sorghum,Maize,0.1238,0.0314,12,False,False,Rice,Nagaland,Kharif,6.86,1460.1,27.0,Severe pedological / environmental divergence
1339,Moong,Mustard,0.2083,0.0562,6,False,False,Wheat,Tripura,Rabi,7.42,415.3,22.2,Severe pedological / environmental divergence
1340,Maize,Groundnut,0.1717,0.0684,8,False,False,Urad,Jammu and Kashmir,Kharif,5.98,701.7,25.7,Severe pedological / environmental divergence
1341,Mustard,Wheat,0.2132,0.1949,2,True,True,Mustard,Assam,Rabi,7.65,344.3,19.9,Near-boundary Top-3 tie (Agro-climatic niche overlap)
1342,Rice,Sesamum,0.1227,0.0877,3,True,True,Groundnut,Puducherry,Kharif,7.9,1011.8,30.4,Near-boundary Top-3 tie (Agro-climatic niche overlap)
1343,Moong,Rice,0.3656,0.1524,2,True,True,Moong,Uttarakhand,Summer,7.77,135.9,26.9,Near-boundary Top-3 tie (Agro-climatic niche overlap)
1344,Moong,Rice,0.188,0.116,4,False,True,Maize,Odisha,Summer,6.22,130.5,29.9,Moderate ecological ambiguity (Top-5 compatible)
1345,Chickpea,Groundnut,0.1204,0.0904,5,False,True,Wheat,Karnataka,Rabi,5.1,178.9,23.3,Moderate ecological ambiguity (Top-5 compatible)
1346,Rice,Pearl Millet,0.1415,0.111,2,True,True,Rice,Uttar Pradesh,Kharif,7.52,329.8,27.6,Near-boundary Top-3 tie (Agro-climatic niche overlap)
1348,Sugarcane,Mustard,0.1276,0.0131,14,False,False,Chickpea,Odisha,Rabi,6.5,193.8,20.0,Severe pedological / environmental divergence
1349,Urad,Rice,0.2347,0.0687,7,False,False,Maize,Sikkim,Kharif,7.24,2219.5,26.9,Majority class bias under moderate rainfall
1351,Pearl Millet,Rice,0.1036,0.0918,4,False,True,Sesamum,Telangana,Kharif,6.49,542.3,30.9,Moderate ecological ambiguity (Top-5 compatible)
1352,Finger Millet,Pigeonpea,0.1255,0.064,9,False,False,Groundnut,Uttarakhand,Kharif,7.35,1109.7,30.6,Severe pedological / environmental divergence
1354,Maize,Rice,0.1265,0.1013,2,True,True,Maize,Bihar,Kharif,7.45,780.3,28.4,Near-boundary Top-3 tie (Agro-climatic niche overlap)
1355,Groundnut,Maize,0.1251,0.0579,10,False,False,Sesamum,Nagaland,Kharif,7.67,1268.9,27.3,Severe pedological / environmental divergence
1356,Urad,Rice,0.3237,0.059,5,False,True,Maize,Puducherry,Summer,7.44,151.2,32.3,Moderate ecological ambiguity (Top-5 compatible)
1358,Rice,Mustard,0.2112,0.0901,5,False,True,Wheat,Bihar,Rabi,7.23,149.1,21.0,Moderate ecological ambiguity (Top-5 compatible)
1359,Soybean,Rice,0.2199,0.0527,8,False,False,Maize,Mizoram,Kharif,7.03,1798.3,30.6,Majority class bias under moderate rainfall
1361,Urad,Chickpea,0.1646,0.0642,7,False,False,Mustard,Puducherry,Rabi,6.77,162.8,21.2,Legume/Pulse physiological similarity
1362,Pearl Millet,Rice,0.1254,0.0981,3,True,True,Cotton,Punjab,Kharif,7.44,339.2,27.5,Near-boundary Top-3 tie (Agro-climatic niche overlap)
1364,Groundnut,Rice,0.1256,0.0793,7,False,False,Maize,Haryana,Kharif,7.78,314.4,25.1,Majority class bias under moderate rainfall
1365,Chickpea,Mustard,0.1692,0.0967,3,True,True,Wheat,Bihar,Rabi,6.91,239.7,23.4,Near-boundary Top-3 tie (Agro-climatic niche overlap)
1366,Sesamum,Maize,0.1135,0.0959,3,True,True,Rice,Uttar Pradesh,Kharif,7.85,757.6,27.9,Near-boundary Top-3 tie (Agro-climatic niche overlap)
1367,Sorghum,Rice,0.1234,0.089,4,False,True,Finger Millet,Karnataka,Kharif,5.57,927.9,30.3,Moderate ecological ambiguity (Top-5 compatible)
1368,Cotton,Rice,0.1597,0.0804,5,False,True,Sesamum,Jammu and Kashmir,Kharif,5.46,954.0,30.5,Moderate ecological ambiguity (Top-5 compatible)
1369,Moong,Maize,0.1222,0.0662,9,False,False,Finger Millet,Maharashtra,Kharif,7.66,721.8,30.9,Severe pedological / environmental divergence
1370,Maize,Groundnut,0.1116,0.0918,4,False,True,Rice,Chhattisgarh,Kharif,6.65,971.1,28.0,Moderate ecological ambiguity (Top-5 compatible)
1371,Maize,Sugarcane,0.6263,0.0444,3,True,True,Groundnut,Tamil Nadu,Whole Year,6.76,134.4,32.8,Near-boundary Top-3 tie (Agro-climatic niche overlap)
1373,Pigeonpea,Maize,0.2007,0.0804,5,False,True,Moong,Punjab,Kharif,5.53,178.9,30.1,Moderate ecological ambiguity (Top-5 compatible)
1374,Rice,Wheat,0.2432,0.0555,5,False,True,Mustard,Bihar,Rabi,7.18,140.0,21.9,Moderate ecological ambiguity (Top-5 compatible)
1375,Urad,Rice,0.0967,0.0927,3,True,True,Maize,Andhra Pradesh,Kharif,6.64,558.5,29.8,Near-boundary Top-3 tie (Agro-climatic niche overlap)
1376,Rice,Wheat,0.2392,0.056,5,False,True,Mustard,Bihar,Rabi,7.23,130.2,21.0,Moderate ecological ambiguity (Top-5 compatible)
1377,Urad,Maize,0.1244,0.0707,8,False,False,Sesamum,Maharashtra,Kharif,7.77,1027.8,32.3,Severe pedological / environmental divergence
1378,Chickpea,Wheat,0.1632,0.1279,3,True,True,Mustard,Uttar Pradesh,Rabi,7.85,136.6,21.6,Near-boundary Top-3 tie (Agro-climatic niche overlap)
1381,Maize,Rice,0.2899,0.1878,2,True,True,Maize,Karnataka,Summer,7.9,131.5,35.1,Near-boundary Top-3 tie (Agro-climatic niche overlap)
1382,Sesamum,Moong,0.134,0.0736,6,False,False,Groundnut,Odisha,Summer,6.06,122.1,31.6,Severe pedological / environmental divergence
1384,Chickpea,Mustard,0.3202,0.1646,2,True,True,Chickpea,Manipur,Rabi,7.14,136.3,19.1,Near-boundary Top-3 tie (Agro-climatic niche overlap)
1385,Finger Millet,Rice,0.1251,0.0332,12,False,False,Sesamum,West Bengal,Kharif,7.65,1244.2,28.6,Majority class bias under moderate rainfall
1386,Urad,Wheat,0.1554,0.0874,5,False,True,Mustard,Andhra Pradesh,Rabi,6.0,152.1,21.1,Moderate ecological ambiguity (Top-5 compatible)
1387,Urad,Rice,0.1283,0.074,9,False,False,Maize,Bihar,Kharif,7.42,703.5,29.5,Majority class bias under moderate rainfall
1388,Urad,Rice,0.1299,0.0584,9,False,False,Sorghum,Karnataka,Kharif,5.51,612.3,26.9,Majority class bias under moderate rainfall
1389,Rice,Sorghum,0.1283,0.0929,4,False,True,Pearl Millet,Madhya Pradesh,Kharif,7.69,698.5,29.1,Moderate ecological ambiguity (Top-5 compatible)
1390,Chickpea,Mustard,0.1027,0.0668,10,False,False,Groundnut,Chhattisgarh,Rabi,6.53,196.9,19.2,Severe pedological / environmental divergence
1391,Mustard,Wheat,0.2085,0.1211,2,True,True,Mustard,Madhya Pradesh,Rabi,8.06,147.5,24.4,Near-boundary Top-3 tie (Agro-climatic niche overlap)
1392,Cotton,Sugarcane,0.466,0.0864,2,True,True,Cotton,Chhattisgarh,Whole Year,6.43,146.4,31.2,Near-boundary Top-3 tie (Agro-climatic niche overlap)
1393,Mustard,Wheat,0.2133,0.1664,2,True,True,Mustard,Jharkhand,Rabi,7.28,181.1,19.1,Near-boundary Top-3 tie (Agro-climatic niche overlap)
1394,Urad,Wheat,0.1722,0.0711,6,False,False,Chickpea,Chhattisgarh,Rabi,6.72,157.8,17.4,Severe pedological / environmental divergence
1396,Maize,Wheat,0.1681,0.0808,5,False,True,Mustard,Maharashtra,Rabi,7.4,187.6,24.0,Moderate ecological ambiguity (Top-5 compatible)
1398,Maize,Finger Millet,0.1018,0.0734,9,False,False,Sorghum,Chhattisgarh,Kharif,6.49,843.4,26.3,Severe pedological / environmental divergence
1399,Pigeonpea,Rice,0.102,0.0739,8,False,False,Sesamum,Andhra Pradesh,Kharif,6.21,767.1,28.5,Majority class bias under moderate rainfall
1400,Pearl Millet,Groundnut,0.1422,0.0663,8,False,False,Sesamum,Maharashtra,Kharif,7.71,898.9,31.8,Severe pedological / environmental divergence
1401,Sorghum,Wheat,0.1416,0.0391,12,False,False,Mustard,Madhya Pradesh,Rabi,6.41,135.3,19.7,Severe pedological / environmental divergence
1402,Maize,Rice,0.2643,0.1776,3,True,True,Moong,Uttarakhand,Summer,7.27,144.7,34.1,Near-boundary Top-3 tie (Agro-climatic niche overlap)
1403,Pearl Millet,Urad,0.1067,0.0854,5,False,True,Rice,Tamil Nadu,Kharif,6.36,696.1,27.3,Moderate ecological ambiguity (Top-5 compatible)
1404,Sugarcane,Rice,0.1046,0.0178,13,False,False,Sorghum,Telangana,Kharif,6.68,530.3,28.3,Majority class bias under moderate rainfall
1405,Moong,Groundnut,0.1268,0.0656,8,False,False,Rice,Tamil Nadu,Kharif,6.0,693.5,30.6,Severe pedological / environmental divergence
1406,Maize,Rice,0.2192,0.1327,3,True,True,Finger Millet,Maharashtra,Summer,7.92,126.0,28.2,Near-boundary Top-3 tie (Agro-climatic niche overlap)
1407,Sesamum,Sugarcane,0.328,0.0735,4,False,True,Maize,Kerala,Whole Year,5.43,317.4,31.9,Moderate ecological ambiguity (Top-5 compatible)
1408,Sorghum,Maize,0.1068,0.0802,6,False,False,Pearl Millet,Maharashtra,Kharif,7.65,771.6,29.3,Severe pedological / environmental divergence
1409,Urad,Rice,0.1891,0.1646,2,True,True,Urad,Uttar Pradesh,Summer,7.81,109.0,31.5,Near-boundary Top-3 tie (Agro-climatic niche overlap)
1410,Rice,Groundnut,0.1964,0.0912,2,True,True,Rice,Madhya Pradesh,Kharif,8.12,680.2,28.6,Near-boundary Top-3 tie (Agro-climatic niche overlap)
1412,Mustard,Wheat,0.2125,0.168,2,True,True,Mustard,Tripura,Rabi,7.42,320.9,19.0,Near-boundary Top-3 tie (Agro-climatic niche overlap)
1414,Soybean,Maize,0.1308,0.0632,9,False,False,Groundnut,Maharashtra,Kharif,7.74,879.3,28.3,Severe pedological / environmental divergence
1415,Sesamum,Maize,0.1877,0.0908,4,False,True,Rice,Assam,Kharif,7.34,1487.2,30.2,Moderate ecological ambiguity (Top-5 compatible)
1417,Pearl Millet,Rice,0.1117,0.066,10,False,False,Soybean,West Bengal,Kharif,6.26,1190.6,29.4,Majority class bias under moderate rainfall
1418,Sorghum,Cotton,0.2472,0.0891,3,True,True,Pearl Millet,Uttar Pradesh,Kharif,7.63,322.1,28.5,Near-boundary Top-3 tie (Agro-climatic niche overlap)
1419,Finger Millet,Rice,0.1823,0.0506,9,False,False,Maize,Odisha,Summer,6.77,155.3,27.6,Majority class bias under moderate rainfall
1420,Maize,Rice,0.1196,0.1013,3,True,True,Soybean,Manipur,Kharif,7.2,535.3,25.2,Near-boundary Top-3 tie (Agro-climatic niche overlap)
1421,Cotton,Groundnut,0.1463,0.0494,12,False,False,Sesamum,Karnataka,Kharif,7.98,956.1,29.5,Severe pedological / environmental divergence
1422,Cotton,Rice,0.2126,0.0809,5,False,True,Maize,Tripura,Kharif,7.31,1697.6,27.1,Moderate ecological ambiguity (Top-5 compatible)
1423,Pearl Millet,Rice,0.1226,0.0794,7,False,False,Urad,Punjab,Kharif,6.3,403.9,25.6,Majority class bias under moderate rainfall
1424,Urad,Chickpea,0.12,0.1123,2,True,True,Urad,Tamil Nadu,Rabi,6.39,136.5,23.3,Near-boundary Top-3 tie (Agro-climatic niche overlap)
1427,Sorghum,Rice,0.1043,0.0531,12,False,False,Finger Millet,Odisha,Kharif,6.56,1166.6,26.1,Majority class bias under moderate rainfall
1429,Moong,Rice,0.1758,0.1037,4,False,True,Maize,Odisha,Summer,6.67,136.0,29.0,Moderate ecological ambiguity (Top-5 compatible)
1430,Cotton,Rice,0.1385,0.0518,12,False,False,Finger Millet,Maharashtra,Kharif,5.33,1059.7,29.8,Majority class bias under moderate rainfall
1436,Maize,Moong,0.2973,0.1292,3,True,True,Rice,Uttar Pradesh,Summer,7.61,56.9,29.3,Near-boundary Top-3 tie (Agro-climatic niche overlap)
1437,Sesamum,Mustard,0.1295,0.0617,6,False,False,Wheat,West Bengal,Rabi,6.4,155.9,21.2,Severe pedological / environmental divergence
1439,Maize,Chickpea,0.2669,0.08,4,False,True,Wheat,Bihar,Rabi,7.71,170.9,21.3,Moderate ecological ambiguity (Top-5 compatible)
1440,Sorghum,Wheat,0.135,0.0828,4,False,True,Rice,Maharashtra,Rabi,7.66,222.8,20.6,Moderate ecological ambiguity (Top-5 compatible)
1441,Pearl Millet,Rice,0.1374,0.1346,2,True,True,Pearl Millet,Karnataka,Kharif,5.34,757.9,27.9,Near-boundary Top-3 tie (Agro-climatic niche overlap)
1442,Mustard,Chickpea,0.2711,0.1846,3,True,True,Wheat,Uttar Pradesh,Rabi,7.78,89.8,16.2,Near-boundary Top-3 tie (Agro-climatic niche overlap)
1443,Moong,Urad,0.1267,0.0796,7,False,False,Rice,Himachal Pradesh,Kharif,5.88,987.7,30.9,Legume/Pulse physiological similarity
1445,Rice,Maize,0.108,0.0753,8,False,False,Urad,Tamil Nadu,Kharif,5.94,264.9,29.4,Severe pedological / environmental divergence
1446,Urad,Rice,0.1479,0.0874,4,False,True,Sesamum,Nagaland,Kharif,6.98,990.6,31.6,Moderate ecological ambiguity (Top-5 compatible)
1447,Rice,Mustard,0.1138,0.0921,4,False,True,Maize,Karnataka,Rabi,6.8,157.4,19.5,Moderate ecological ambiguity (Top-5 compatible)
1448,Cotton,Rice,0.1148,0.0549,10,False,False,Maize,Nagaland,Kharif,7.43,999.3,29.1,Majority class bias under moderate rainfall
1450,Finger Millet,Sugarcane,0.4479,0.0493,5,False,True,Pearl Millet,Tamil Nadu,Whole Year,6.78,102.3,30.5,Moderate ecological ambiguity (Top-5 compatible)
1451,Moong,Sorghum,0.1228,0.0686,10,False,False,Rice,Gujarat,Kharif,5.44,462.1,29.4,Severe pedological / environmental divergence
1453,Groundnut,Finger Millet,0.2502,0.1235,3,True,True,Rice,Goa,Kharif,5.05,2958.3,26.7,Near-boundary Top-3 tie (Agro-climatic niche overlap)
1454,Maize,Sorghum,0.1139,0.0796,5,False,True,Pearl Millet,Andhra Pradesh,Kharif,7.63,519.6,29.5,Moderate ecological ambiguity (Top-5 compatible)
1455,Mustard,Wheat,0.1491,0.0861,4,False,True,Chickpea,Gujarat,Rabi,7.88,146.7,18.3,Moderate ecological ambiguity (Top-5 compatible)
1456,Groundnut,Rice,0.1424,0.0771,8,False,False,Cotton,Puducherry,Kharif,6.14,1500.6,27.2,Majority class bias under moderate rainfall
1457,Chickpea,Wheat,0.2999,0.1449,3,True,True,Mustard,Bihar,Rabi,7.33,175.4,18.2,Near-boundary Top-3 tie (Agro-climatic niche overlap)
1458,Finger Millet,Groundnut,0.1275,0.1,3,True,True,Rice,Maharashtra,Kharif,8.04,1020.5,27.8,Near-boundary Top-3 tie (Agro-climatic niche overlap)
1459,Mustard,Wheat,0.3152,0.0993,3,True,True,Chickpea,Haryana,Rabi,6.85,68.7,21.5,Near-boundary Top-3 tie (Agro-climatic niche overlap)
1460,Chickpea,Wheat,0.1694,0.1313,2,True,True,Chickpea,Maharashtra,Rabi,7.78,229.5,23.7,Near-boundary Top-3 tie (Agro-climatic niche overlap)
1461,Maize,Sugarcane,0.3581,0.1606,2,True,True,Maize,Kerala,Whole Year,5.03,258.4,30.7,Near-boundary Top-3 tie (Agro-climatic niche overlap)
1463,Maize,Wheat,0.2402,0.0794,4,False,True,Mustard,Uttar Pradesh,Rabi,7.52,103.0,23.9,Moderate ecological ambiguity (Top-5 compatible)
1465,Urad,Rice,0.1172,0.0822,6,False,False,Maize,West Bengal,Kharif,6.86,1223.2,31.3,Majority class bias under moderate rainfall
1466,Sesamum,Sugarcane,0.7405,0.0306,4,False,True,Maize,Madhya Pradesh,Whole Year,7.53,147.9,31.7,Moderate ecological ambiguity (Top-5 compatible)
1467,Wheat,Mustard,0.1638,0.1587,2,True,True,Wheat,Maharashtra,Rabi,7.95,209.2,23.6,Near-boundary Top-3 tie (Agro-climatic niche overlap)
1469,Maize,Rice,0.1497,0.1113,2,True,True,Maize,Uttarakhand,Kharif,5.49,969.8,29.6,Near-boundary Top-3 tie (Agro-climatic niche overlap)
1470,Pearl Millet,Maize,0.1113,0.0694,8,False,False,Groundnut,Himachal Pradesh,Kharif,5.76,964.4,29.1,Severe pedological / environmental divergence
1471,Maize,Pigeonpea,0.1427,0.1189,2,True,True,Maize,Haryana,Kharif,7.15,286.8,29.8,Near-boundary Top-3 tie (Agro-climatic niche overlap)
1472,Groundnut,Rice,0.1283,0.0527,9,False,False,Maize,Haryana,Kharif,7.31,326.9,27.1,Majority class bias under moderate rainfall
1473,Cotton,Pigeonpea,0.1095,0.056,12,False,False,Groundnut,Puducherry,Kharif,6.98,969.9,30.4,Severe pedological / environmental divergence
1474,Pearl Millet,Sugarcane,0.4954,0.0746,2,True,True,Pearl Millet,Chhattisgarh,Whole Year,6.54,112.0,31.8,Near-boundary Top-3 tie (Agro-climatic niche overlap)
1475,Sorghum,Chickpea,0.1916,0.0673,6,False,False,Wheat,Karnataka,Rabi,7.94,190.3,21.8,Severe pedological / environmental divergence
1476,Mustard,Wheat,0.2089,0.1612,2,True,True,Mustard,Nagaland,Rabi,7.61,208.9,22.1,Near-boundary Top-3 tie (Agro-climatic niche overlap)
1478,Rice,Mustard,0.1252,0.0706,6,False,False,Chickpea,Andhra Pradesh,Rabi,6.99,109.0,20.4,Severe pedological / environmental divergence
1479,Sorghum,Rice,0.2809,0.0405,9,False,False,Maize,Karnataka,Summer,7.86,108.0,31.3,Majority class bias under moderate rainfall
1480,Pearl Millet,Rice,0.1235,0.0583,9,False,False,Urad,Uttarakhand,Kharif,6.99,989.2,29.1,Majority class bias under moderate rainfall
1482,Wheat,Sorghum,0.216,0.1026,4,False,True,Mustard,Gujarat,Rabi,5.13,125.6,18.5,Moderate ecological ambiguity (Top-5 compatible)
1483,Groundnut,Maize,0.1752,0.0987,4,False,True,Rice,Maharashtra,Summer,7.74,111.8,36.4,Moderate ecological ambiguity (Top-5 compatible)
1484,Urad,Rice,0.3319,0.1049,4,False,True,Maize,Uttar Pradesh,Summer,8.04,74.9,29.5,Moderate ecological ambiguity (Top-5 compatible)
1486,Pearl Millet,Finger Millet,0.1166,0.0616,9,False,False,Rice,West Bengal,Kharif,6.66,1274.0,26.4,Severe pedological / environmental divergence
1487,Pearl Millet,Mustard,0.1579,0.0397,12,False,False,Wheat,Andhra Pradesh,Rabi,6.41,126.0,20.3,Severe pedological / environmental divergence
1489,Pearl Millet,Cotton,0.1494,0.0883,3,True,True,Urad,Andhra Pradesh,Kharif,6.7,510.9,25.5,Near-boundary Top-3 tie (Agro-climatic niche overlap)
1490,Maize,Chickpea,0.1988,0.0881,4,False,True,Wheat,Uttar Pradesh,Rabi,7.5,144.6,18.5,Moderate ecological ambiguity (Top-5 compatible)
1492,Urad,Mustard,0.2392,0.0462,6,False,False,Wheat,Nagaland,Rabi,7.51,175.2,21.1,Severe pedological / environmental divergence
1493,Moong,Cotton,0.1182,0.0704,7,False,False,Urad,Andhra Pradesh,Kharif,6.36,496.9,30.2,Severe pedological / environmental divergence
1494,Cotton,Urad,0.1229,0.0648,8,False,False,Rice,West Bengal,Kharif,6.21,1246.4,27.6,Severe pedological / environmental divergence
1496,Sesamum,Rice,0.1221,0.0857,3,True,True,Maize,Assam,Kharif,7.77,1305.7,28.6,Near-boundary Top-3 tie (Agro-climatic niche overlap)
1497,Wheat,Mustard,0.1608,0.1589,2,True,True,Wheat,Arunachal Pradesh,Rabi,7.8,329.7,21.5,Near-boundary Top-3 tie (Agro-climatic niche overlap)
1498,Rice,Wheat,0.1944,0.1313,4,False,True,Mustard,Meghalaya,Rabi,7.31,868.1,18.4,Moderate ecological ambiguity (Top-5 compatible)
1499,Groundnut,Maize,0.1259,0.0886,5,False,True,Rice,Punjab,Kharif,5.73,428.1,31.4,Moderate ecological ambiguity (Top-5 compatible)
1500,Urad,Soybean,0.1221,0.0853,4,False,True,Rice,West Bengal,Kharif,6.46,1185.4,29.8,Moderate ecological ambiguity (Top-5 compatible)
1501,Cotton,Moong,0.1302,0.0663,8,False,False,Rice,Punjab,Kharif,5.76,452.0,27.1,Severe pedological / environmental divergence
1502,Soybean,Groundnut,0.1177,0.0792,5,False,True,Maize,Karnataka,Kharif,6.63,748.7,32.0,Moderate ecological ambiguity (Top-5 compatible)
1503,Moong,Sugarcane,0.358,0.0433,9,False,False,Wheat,Kerala,Whole Year,6.37,311.5,33.5,Severe pedological / environmental divergence
1505,Maize,Soybean,0.1266,0.1012,3,True,True,Rice,Nagaland,Kharif,7.08,1020.4,29.2,Near-boundary Top-3 tie (Agro-climatic niche overlap)
1506,Wheat,Urad,0.1411,0.0845,4,False,True,Chickpea,Jharkhand,Rabi,5.95,196.3,22.2,Moderate ecological ambiguity (Top-5 compatible)
1507,Groundnut,Rice,0.11,0.0808,9,False,False,Maize,Odisha,Kharif,6.69,1192.5,29.4,Majority class bias under moderate rainfall
1509,Soybean,Rice,0.1176,0.0587,11,False,False,Pearl Millet,Maharashtra,Kharif,7.83,741.4,29.0,Majority class bias under moderate rainfall
1510,Rice,Maize,0.1668,0.1333,2,True,True,Rice,West Bengal,Summer,6.07,95.6,32.4,Near-boundary Top-3 tie (Agro-climatic niche overlap)
1513,Groundnut,Maize,0.1148,0.082,5,False,True,Rice,Tamil Nadu,Kharif,6.5,780.0,30.2,Moderate ecological ambiguity (Top-5 compatible)
1514,Maize,Rice,0.2157,0.1437,3,True,True,Pigeonpea,Meghalaya,Kharif,7.6,2822.5,30.2,Near-boundary Top-3 tie (Agro-climatic niche overlap)
1517,Pearl Millet,Chickpea,0.1502,0.0227,13,False,False,Mustard,Andhra Pradesh,Rabi,6.65,185.5,15.3,Severe pedological / environmental divergence
1519,Groundnut,Rice,0.1606,0.1278,3,True,True,Maize,Gujarat,Summer,5.46,102.1,32.4,Near-boundary Top-3 tie (Agro-climatic niche overlap)
1520,Pearl Millet,Groundnut,0.1122,0.0673,10,False,False,Rice,Tamil Nadu,Kharif,6.64,865.2,28.3,Severe pedological / environmental divergence
1521,Urad,Maize,0.2213,0.1048,4,False,True,Rice,Uttar Pradesh,Summer,7.32,68.5,32.9,Moderate ecological ambiguity (Top-5 compatible)
1522,Urad,Maize,0.1095,0.0732,7,False,False,Groundnut,Odisha,Kharif,6.75,1027.1,28.0,Severe pedological / environmental divergence
1523,Sesamum,Rice,0.2735,0.0416,8,False,False,Maize,Puducherry,Summer,7.93,141.1,30.7,Majority class bias under moderate rainfall
1524,Cotton,Wheat,0.1458,0.0106,15,False,False,Mustard,Andhra Pradesh,Rabi,6.34,169.2,22.1,Severe pedological / environmental divergence
1526,Finger Millet,Sorghum,0.1038,0.0585,11,False,False,Groundnut,Tamil Nadu,Kharif,6.51,256.1,27.1,Severe pedological / environmental divergence
1527,Moong,Maize,0.1538,0.0791,5,False,True,Rice,West Bengal,Kharif,6.33,1382.8,29.9,Moderate ecological ambiguity (Top-5 compatible)
1528,Sesamum,Groundnut,0.1027,0.0878,5,False,True,Rice,Odisha,Kharif,6.77,1307.6,28.2,Moderate ecological ambiguity (Top-5 compatible)
1529,Maize,Rice,0.1571,0.091,3,True,True,Sesamum,West Bengal,Kharif,6.52,1311.5,28.9,Near-boundary Top-3 tie (Agro-climatic niche overlap)
1530,Finger Millet,Rice,0.1162,0.0862,6,False,False,Maize,Jharkhand,Kharif,7.25,777.9,26.7,Majority class bias under moderate rainfall
1531,Moong,Rice,0.1239,0.0682,8,False,False,Pigeonpea,Bihar,Kharif,7.46,543.4,28.9,Majority class bias under moderate rainfall
1532,Maize,Soybean,0.1765,0.0837,4,False,True,Sesamum,Mizoram,Kharif,6.49,1247.3,28.3,Moderate ecological ambiguity (Top-5 compatible)
1533,Cotton,Rice,0.309,0.0186,11,False,False,Maize,Karnataka,Summer,5.71,99.0,32.3,Majority class bias under moderate rainfall
1534,Mustard,Wheat,0.1128,0.1107,2,True,True,Mustard,Chhattisgarh,Rabi,6.78,196.5,18.4,Near-boundary Top-3 tie (Agro-climatic niche overlap)
1536,Wheat,Chickpea,0.3521,0.2025,2,True,True,Wheat,Punjab,Rabi,5.55,51.0,20.5,Near-boundary Top-3 tie (Agro-climatic niche overlap)
1537,Maize,Rice,0.1936,0.1535,2,True,True,Maize,Tripura,Kharif,6.09,1962.4,26.6,Near-boundary Top-3 tie (Agro-climatic niche overlap)
1538,Urad,Rice,0.3579,0.0607,6,False,False,Maize,Puducherry,Summer,7.8,197.8,34.4,Majority class bias under moderate rainfall
1539,Sesamum,Rice,0.1168,0.0897,3,True,True,Sorghum,Karnataka,Kharif,5.84,1034.1,28.1,Near-boundary Top-3 tie (Agro-climatic niche overlap)
1540,Groundnut,Rice,0.1136,0.0796,6,False,False,Sorghum,Madhya Pradesh,Kharif,7.81,871.6,28.1,Majority class bias under moderate rainfall
1541,Rice,Maize,0.1108,0.1043,2,True,True,Rice,Telangana,Kharif,6.36,1015.8,26.6,Near-boundary Top-3 tie (Agro-climatic niche overlap)
1542,Urad,Groundnut,0.1095,0.0988,3,True,True,Maize,Maharashtra,Kharif,7.46,894.7,26.5,Near-boundary Top-3 tie (Agro-climatic niche overlap)
1543,Groundnut,Urad,0.1008,0.0684,10,False,False,Pearl Millet,Andhra Pradesh,Kharif,6.53,666.9,28.8,Severe pedological / environmental divergence
1544,Pearl Millet,Urad,0.1473,0.0952,6,False,False,Moong,Punjab,Kharif,5.89,257.5,31.1,Severe pedological / environmental divergence
1545,Soybean,Rice,0.1324,0.0645,10,False,False,Cotton,Uttar Pradesh,Kharif,7.27,561.3,26.6,Majority class bias under moderate rainfall
1546,Pearl Millet,Maize,0.1358,0.101,3,True,True,Rice,Delhi,Kharif,7.79,512.6,28.7,Near-boundary Top-3 tie (Agro-climatic niche overlap)
1547,Wheat,Rice,0.1329,0.0519,9,False,False,Urad,Chhattisgarh,Rabi,6.7,235.7,24.4,Majority class bias under moderate rainfall
1548,Maize,Pigeonpea,0.1288,0.1058,3,True,True,Rice,Nagaland,Kharif,7.43,951.2,28.4,Near-boundary Top-3 tie (Agro-climatic niche overlap)
1549,Maize,Rice,0.175,0.1414,2,True,True,Maize,Odisha,Summer,6.54,163.7,30.7,Near-boundary Top-3 tie (Agro-climatic niche overlap)
1550,Pigeonpea,Rice,0.1121,0.0712,9,False,False,Groundnut,Andhra Pradesh,Kharif,7.15,609.4,28.8,Majority class bias under moderate rainfall
1551,Sugarcane,Rice,0.1571,0.0131,13,False,False,Maize,Nagaland,Kharif,7.11,1243.5,28.4,Majority class bias under moderate rainfall
1552,Cotton,Sorghum,0.1204,0.0792,7,False,False,Rice,Uttar Pradesh,Kharif,8.02,426.9,29.1,Severe pedological / environmental divergence
1554,Soybean,Sorghum,0.108,0.062,11,False,False,Pearl Millet,Madhya Pradesh,Kharif,7.66,760.0,28.7,Severe pedological / environmental divergence
1555,Maize,Rice,0.2732,0.1915,2,True,True,Maize,Uttar Pradesh,Summer,7.16,60.0,31.9,Near-boundary Top-3 tie (Agro-climatic niche overlap)
1559,Wheat,Rice,0.1469,0.0482,10,False,False,Moong,Odisha,Summer,6.84,131.0,30.7,Majority class bias under moderate rainfall
1562,Finger Millet,Maize,0.1282,0.0582,9,False,False,Sesamum,Chhattisgarh,Kharif,5.96,964.5,29.1,Severe pedological / environmental divergence
1563,Soybean,Rice,0.2601,0.1034,3,True,True,Maize,Meghalaya,Kharif,7.11,2898.3,27.2,Near-boundary Top-3 tie (Agro-climatic niche overlap)
1564,Finger Millet,Chickpea,0.2023,0.025,10,False,False,Wheat,Andhra Pradesh,Rabi,7.82,124.2,18.9,Severe pedological / environmental divergence
1565,Mustard,Wheat,0.2253,0.151,3,True,True,Chickpea,Meghalaya,Rabi,7.51,976.6,19.8,Near-boundary Top-3 tie (Agro-climatic niche overlap)
1566,Chickpea,Mustard,0.2112,0.1822,2,True,True,Chickpea,Nagaland,Rabi,7.45,254.2,20.9,Near-boundary Top-3 tie (Agro-climatic niche overlap)
1568,Pigeonpea,Cotton,0.1494,0.0787,5,False,True,Rice,Nagaland,Kharif,7.09,1469.2,26.0,Moderate ecological ambiguity (Top-5 compatible)
1569,Cotton,Urad,0.1126,0.0434,11,False,False,Rice,Himachal Pradesh,Kharif,5.87,959.7,29.4,Severe pedological / environmental divergence
1570,Sorghum,Rice,0.1252,0.0745,9,False,False,Maize,Gujarat,Kharif,5.72,341.5,29.9,Majority class bias under moderate rainfall
1571,Groundnut,Rice,0.1158,0.0591,10,False,False,Pigeonpea,Bihar,Kharif,7.56,895.6,30.0,Majority class bias under moderate rainfall
1572,Sorghum,Rice,0.2147,0.0421,8,False,False,Maize,Karnataka,Summer,7.69,80.2,33.8,Majority class bias under moderate rainfall
1573,Mustard,Wheat,0.1189,0.0644,8,False,False,Maize,Jharkhand,Rabi,7.1,161.0,26.5,Severe pedological / environmental divergence
1574,Rice,Groundnut,0.1422,0.1219,2,True,True,Rice,Jammu and Kashmir,Kharif,5.63,1184.7,29.1,Near-boundary Top-3 tie (Agro-climatic niche overlap)
1575,Sorghum,Chickpea,0.1149,0.0528,11,False,False,Mustard,Telangana,Rabi,6.98,140.8,23.1,Severe pedological / environmental divergence
1576,Finger Millet,Rice,0.1133,0.0654,10,False,False,Pearl Millet,Karnataka,Kharif,7.58,891.7,27.0,Majority class bias under moderate rainfall
1577,Pearl Millet,Rice,0.1322,0.0464,10,False,False,Cotton,Haryana,Kharif,7.15,333.7,29.6,Majority class bias under moderate rainfall
1578,Finger Millet,Rice,0.1307,0.0481,12,False,False,Maize,Bihar,Kharif,7.39,875.3,27.8,Majority class bias under moderate rainfall
1579,Cotton,Rice,0.3259,0.0166,10,False,False,Moong,Puducherry,Summer,7.26,139.8,32.4,Majority class bias under moderate rainfall
1580,Mustard,Wheat,0.25,0.2242,2,True,True,Mustard,Uttarakhand,Rabi,5.96,188.3,20.0,Near-boundary Top-3 tie (Agro-climatic niche overlap)
1581,Maize,Moong,0.1381,0.0838,7,False,False,Rice,Himachal Pradesh,Kharif,6.1,885.0,28.3,Severe pedological / environmental divergence
1582,Maize,Rice,0.1357,0.0813,7,False,False,Urad,Mizoram,Rabi,6.04,406.3,20.0,Majority class bias under moderate rainfall
1583,Pigeonpea,Moong,0.0975,0.038,13,False,False,Chickpea,Tamil Nadu,Rabi,6.78,137.2,20.6,Severe pedological / environmental divergence
1586,Moong,Maize,0.1854,0.0995,4,False,True,Rice,Odisha,Summer,6.71,132.5,31.6,Moderate ecological ambiguity (Top-5 compatible)
1588,Maize,Rice,0.1873,0.1294,3,True,True,Sesamum,Manipur,Kharif,7.43,1520.0,27.6,Near-boundary Top-3 tie (Agro-climatic niche overlap)
1589,Urad,Rice,0.0986,0.0841,6,False,False,Groundnut,Odisha,Kharif,6.73,814.6,29.1,Majority class bias under moderate rainfall
1590,Sesamum,Rice,0.105,0.0916,3,True,True,Maize,Andhra Pradesh,Kharif,6.37,585.9,30.2,Near-boundary Top-3 tie (Agro-climatic niche overlap)
1591,Pigeonpea,Soybean,0.1285,0.0576,12,False,False,Rice,Chhattisgarh,Kharif,6.55,952.3,30.0,Severe pedological / environmental divergence
1592,Sugarcane,Pearl Millet,0.112,0.0138,13,False,False,Cotton,Uttar Pradesh,Kharif,7.7,703.4,27.2,Severe pedological / environmental divergence
1593,Cotton,Rice,0.2597,0.0944,4,False,True,Sesamum,Tripura,Kharif,7.6,1761.3,28.4,Moderate ecological ambiguity (Top-5 compatible)
1594,Soybean,Finger Millet,0.1018,0.0323,12,False,False,Pearl Millet,Karnataka,Kharif,7.68,950.1,28.7,Severe pedological / environmental divergence
1595,Pigeonpea,Rice,0.1389,0.0696,8,False,False,Sesamum,Bihar,Kharif,7.18,1103.6,27.1,Majority class bias under moderate rainfall
1596,Chickpea,Mustard,0.2431,0.1739,3,True,True,Wheat,Manipur,Rabi,7.44,163.2,18.5,Near-boundary Top-3 tie (Agro-climatic niche overlap)
1597,Moong,Rice,0.123,0.0827,6,False,False,Maize,Bihar,Kharif,7.63,730.2,29.2,Majority class bias under moderate rainfall
1598,Finger Millet,Groundnut,0.1133,0.1008,2,True,True,Finger Millet,Karnataka,Kharif,7.28,948.1,30.4,Near-boundary Top-3 tie (Agro-climatic niche overlap)
1599,Moong,Sugarcane,0.4852,0.0355,8,False,False,Groundnut,Tamil Nadu,Whole Year,6.89,113.8,33.0,Severe pedological / environmental divergence
1603,Finger Millet,Wheat,0.2205,0.0468,8,False,False,Maize,Telangana,Rabi,8.41,140.6,19.2,Severe pedological / environmental divergence
1604,Sugarcane,Rice,0.1041,0.0138,13,False,False,Urad,Andhra Pradesh,Kharif,6.77,639.2,29.8,Majority class bias under moderate rainfall
1605,Urad,Mustard,0.1874,0.0699,6,False,False,Wheat,Puducherry,Rabi,7.58,215.2,22.1,Severe pedological / environmental divergence
1606,Maize,Mustard,0.2777,0.0714,4,False,True,Wheat,Uttar Pradesh,Rabi,7.02,126.5,15.7,Moderate ecological ambiguity (Top-5 compatible)
1607,Cotton,Rice,0.1459,0.0653,8,False,False,Maize,Mizoram,Kharif,7.71,1371.1,29.8,Majority class bias under moderate rainfall
1608,Pigeonpea,Groundnut,0.0974,0.0811,6,False,False,Rice,Andhra Pradesh,Kharif,6.77,828.3,30.0,Severe pedological / environmental divergence
1609,Cotton,Rice,0.1621,0.1009,4,False,True,Maize,Mizoram,Kharif,6.42,1783.1,31.5,Moderate ecological ambiguity (Top-5 compatible)
1610,Pearl Millet,Rice,0.1214,0.055,10,False,False,Sesamum,Uttarakhand,Kharif,7.52,1064.5,28.9,Majority class bias under moderate rainfall
1611,Groundnut,Rice,0.1217,0.0951,4,False,True,Sesamum,Uttar Pradesh,Kharif,7.34,595.3,26.8,Moderate ecological ambiguity (Top-5 compatible)
1612,Moong,Rice,0.2407,0.0619,8,False,False,Sorghum,Karnataka,Summer,5.19,107.6,36.1,Majority class bias under moderate rainfall
1613,Moong,Rice,0.1298,0.0908,5,False,True,Urad,Haryana,Kharif,7.62,430.2,29.4,Moderate ecological ambiguity (Top-5 compatible)
1614,Sorghum,Maize,0.2116,0.0327,11,False,False,Rice,Tripura,Kharif,6.66,1608.9,28.8,Severe pedological / environmental divergence
1615,Cotton,Rice,0.1232,0.0728,9,False,False,Pearl Millet,Karnataka,Kharif,7.49,651.5,24.2,Majority class bias under moderate rainfall
1616,Finger Millet,Chickpea,0.1323,0.0581,10,False,False,Wheat,Andhra Pradesh,Rabi,6.71,145.7,21.6,Severe pedological / environmental divergence
1617,Wheat,Chickpea,0.1593,0.1019,3,True,True,Mustard,Delhi,Rabi,7.06,77.3,23.0,Near-boundary Top-3 tie (Agro-climatic niche overlap)
1618,Maize,Rice,0.1788,0.1377,3,True,True,Groundnut,Odisha,Summer,6.79,181.3,31.1,Near-boundary Top-3 tie (Agro-climatic niche overlap)
1619,Finger Millet,Pigeonpea,0.117,0.0859,5,False,True,Rice,West Bengal,Kharif,7.33,776.0,28.8,Moderate ecological ambiguity (Top-5 compatible)
1620,Sesamum,Groundnut,0.1455,0.0878,3,True,True,Rice,Karnataka,Kharif,5.35,1049.3,31.0,Near-boundary Top-3 tie (Agro-climatic niche overlap)
1621,Rice,Wheat,0.2584,0.1447,3,True,True,Mustard,Tripura,Rabi,7.18,373.4,17.8,Near-boundary Top-3 tie (Agro-climatic niche overlap)
1622,Sugarcane,Groundnut,0.1636,0.0271,13,False,False,Finger Millet,Puducherry,Kharif,8.14,1096.9,29.4,Severe pedological / environmental divergence
1623,Rice,Urad,0.111,0.0959,4,False,True,Groundnut,Chhattisgarh,Kharif,6.25,959.2,32.2,Moderate ecological ambiguity (Top-5 compatible)
1624,Soybean,Rice,0.1225,0.0508,11,False,False,Pearl Millet,Himachal Pradesh,Kharif,5.88,674.3,28.5,Majority class bias under moderate rainfall
1625,Moong,Rice,0.1366,0.0906,4,False,True,Finger Millet,West Bengal,Kharif,5.88,1225.6,25.6,Moderate ecological ambiguity (Top-5 compatible)
1626,Groundnut,Rice,0.2214,0.1366,2,True,True,Groundnut,Kerala,Kharif,5.57,2115.3,26.5,Near-boundary Top-3 tie (Agro-climatic niche overlap)
1627,Cotton,Sesamum,0.1072,0.0693,9,False,False,Rice,Odisha,Kharif,6.23,1209.5,32.5,Severe pedological / environmental divergence
1628,Sesamum,Rice,0.2021,0.056,9,False,False,Maize,Gujarat,Summer,5.34,90.2,32.4,Majority class bias under moderate rainfall
1629,Maize,Rice,0.2152,0.1277,2,True,True,Maize,Tripura,Kharif,6.86,1794.7,27.3,Near-boundary Top-3 tie (Agro-climatic niche overlap)
1632,Chickpea,Sugarcane,0.4401,0.0138,14,False,False,Sesamum,Tamil Nadu,Whole Year,6.96,96.5,28.6,Severe pedological / environmental divergence
1633,Wheat,Chickpea,0.403,0.1399,3,True,True,Mustard,Haryana,Rabi,7.33,63.5,23.4,Near-boundary Top-3 tie (Agro-climatic niche overlap)
1634,Sesamum,Sugarcane,0.8216,0.0109,10,False,False,Cotton,Madhya Pradesh,Whole Year,7.68,100.0,30.8,Severe pedological / environmental divergence
1636,Cotton,Maize,0.196,0.0947,4,False,True,Rice,Assam,Kharif,7.34,1636.4,27.0,Moderate ecological ambiguity (Top-5 compatible)
1637,Pigeonpea,Maize,0.132,0.0441,10,False,False,Urad,Punjab,Kharif,5.68,279.9,27.3,Severe pedological / environmental divergence
1638,Finger Millet,Rice,0.1149,0.0382,12,False,False,Urad,Uttarakhand,Kharif,5.82,862.2,29.2,Majority class bias under moderate rainfall
1639,Urad,Mustard,0.1365,0.0875,6,False,False,Wheat,Odisha,Rabi,6.42,206.2,22.7,Severe pedological / environmental divergence
1640,Chickpea,Wheat,0.2204,0.1805,3,True,True,Mustard,Uttarakhand,Rabi,5.93,184.1,22.5,Near-boundary Top-3 tie (Agro-climatic niche overlap)
1641,Moong,Groundnut,0.1609,0.0691,8,False,False,Rice,Gujarat,Kharif,4.99,574.6,29.0,Severe pedological / environmental divergence
1642,Pigeonpea,Rice,0.1458,0.0893,5,False,True,Sesamum,Haryana,Kharif,7.24,404.8,25.5,Moderate ecological ambiguity (Top-5 compatible)
1643,Cotton,Rice,0.2808,0.0479,9,False,False,Groundnut,Puducherry,Summer,7.88,136.4,31.9,Majority class bias under moderate rainfall
1644,Chickpea,Wheat,0.2613,0.2577,2,True,True,Chickpea,Haryana,Rabi,7.0,102.8,20.3,Near-boundary Top-3 tie (Agro-climatic niche overlap)
1645,Groundnut,Mustard,0.2187,0.0304,8,False,False,Wheat,West Bengal,Rabi,7.21,251.7,19.8,Severe pedological / environmental divergence
1646,Sesamum,Maize,0.1589,0.0667,9,False,False,Finger Millet,Puducherry,Kharif,8.31,1080.5,26.1,Severe pedological / environmental divergence
1648,Sesamum,Sorghum,0.1469,0.033,11,False,False,Rice,Maharashtra,Rabi,5.6,215.5,22.3,Severe pedological / environmental divergence
1650,Sesamum,Rice,0.2296,0.0979,4,False,True,Finger Millet,Kerala,Kharif,5.57,2085.3,27.0,Moderate ecological ambiguity (Top-5 compatible)
1651,Sesamum,Rice,0.1435,0.115,3,True,True,Maize,Nagaland,Kharif,7.52,1330.5,27.8,Near-boundary Top-3 tie (Agro-climatic niche overlap)
1652,Maize,Rice,0.4051,0.137,2,True,True,Maize,West Bengal,Summer,7.4,144.6,33.2,Near-boundary Top-3 tie (Agro-climatic niche overlap)
1654,Sesamum,Rice,0.1307,0.1074,2,True,True,Sesamum,Jharkhand,Kharif,7.42,890.1,31.5,Near-boundary Top-3 tie (Agro-climatic niche overlap)
1655,Wheat,Rice,0.1336,0.1076,4,False,True,Moong,Karnataka,Rabi,5.51,202.9,16.3,Moderate ecological ambiguity (Top-5 compatible)
1656,Pigeonpea,Maize,0.1341,0.0549,10,False,False,Urad,Uttar Pradesh,Kharif,7.91,682.7,28.6,Severe pedological / environmental divergence
1657,Moong,Mustard,0.1785,0.0594,6,False,False,Wheat,Madhya Pradesh,Rabi,7.3,157.0,21.4,Severe pedological / environmental divergence
1658,Pearl Millet,Rice,0.1514,0.0415,9,False,False,Maize,Karnataka,Summer,8.12,123.8,26.8,Majority class bias under moderate rainfall
1659,Mustard,Wheat,0.2636,0.1942,2,True,True,Mustard,Mizoram,Rabi,6.99,306.4,24.4,Near-boundary Top-3 tie (Agro-climatic niche overlap)
1662,Cotton,Rice,0.1505,0.0446,12,False,False,Urad,Jammu and Kashmir,Kharif,6.4,972.5,26.0,Majority class bias under moderate rainfall
1664,Moong,Rice,0.1414,0.0852,3,True,True,Mustard,Mizoram,Rabi,6.48,411.2,24.0,Near-boundary Top-3 tie (Agro-climatic niche overlap)
1665,Soybean,Rice,0.2353,0.118,3,True,True,Maize,Meghalaya,Kharif,7.42,3117.3,29.3,Near-boundary Top-3 tie (Agro-climatic niche overlap)
1666,Urad,Mustard,0.2336,0.0708,5,False,True,Wheat,Arunachal Pradesh,Rabi,7.54,421.8,21.6,Moderate ecological ambiguity (Top-5 compatible)
1667,Urad,Pearl Millet,0.1129,0.0629,10,False,False,Sorghum,Madhya Pradesh,Kharif,8.05,676.7,29.7,Severe pedological / environmental divergence
1668,Moong,Rice,0.2193,0.0262,10,False,False,Maize,Tripura,Kharif,7.0,2041.9,29.9,Majority class bias under moderate rainfall
1669,Cotton,Chickpea,0.1439,0.0276,14,False,False,Maize,Tamil Nadu,Rabi,6.26,173.4,19.9,Severe pedological / environmental divergence
1670,Finger Millet,Rice,0.1151,0.0616,11,False,False,Urad,Jharkhand,Kharif,6.99,1044.1,30.1,Majority class bias under moderate rainfall
1671,Sorghum,Wheat,0.1834,0.0834,4,False,True,Chickpea,Maharashtra,Rabi,7.59,176.9,21.3,Moderate ecological ambiguity (Top-5 compatible)
1672,Groundnut,Sorghum,0.1159,0.0825,4,False,True,Pearl Millet,Maharashtra,Kharif,7.83,793.5,30.0,Moderate ecological ambiguity (Top-5 compatible)
1673,Maize,Rice,0.1129,0.1124,2,True,True,Maize,Madhya Pradesh,Kharif,7.77,513.8,27.4,Near-boundary Top-3 tie (Agro-climatic niche overlap)
1674,Sorghum,Rice,0.1291,0.0711,8,False,False,Groundnut,Gujarat,Kharif,5.7,609.5,29.6,Majority class bias under moderate rainfall
1677,Cotton,Sorghum,0.1049,0.0763,8,False,False,Rice,Tamil Nadu,Kharif,6.91,550.0,25.7,Severe pedological / environmental divergence
1679,Sorghum,Soybean,0.1475,0.0224,12,False,False,Cotton,West Bengal,Kharif,6.44,1493.4,28.3,Severe pedological / environmental divergence
1680,Pigeonpea,Groundnut,0.1524,0.0739,6,False,False,Rice,Gujarat,Kharif,5.85,450.6,32.5,Severe pedological / environmental divergence
1681,Pearl Millet,Rice,0.1083,0.0844,5,False,True,Maize,Madhya Pradesh,Kharif,7.55,897.9,26.4,Moderate ecological ambiguity (Top-5 compatible)
1682,Pigeonpea,Mustard,0.2118,0.0194,10,False,False,Wheat,West Bengal,Rabi,7.45,231.3,20.5,Severe pedological / environmental divergence
1683,Rice,Pigeonpea,0.117,0.1134,2,True,True,Rice,Bihar,Kharif,7.5,898.4,27.6,Near-boundary Top-3 tie (Agro-climatic niche overlap)
1684,Soybean,Groundnut,0.1307,0.0291,12,False,False,Rice,Uttarakhand,Kharif,5.86,900.0,27.7,Severe pedological / environmental divergence
1687,Pigeonpea,Pearl Millet,0.1392,0.0341,12,False,False,Groundnut,Uttar Pradesh,Kharif,8.12,556.8,27.0,Severe pedological / environmental divergence
1688,Mustard,Chickpea,0.2679,0.1466,3,True,True,Wheat,Telangana,Rabi,6.84,92.8,18.3,Near-boundary Top-3 tie (Agro-climatic niche overlap)
1689,Groundnut,Rice,0.1028,0.0887,5,False,True,Urad,Andhra Pradesh,Kharif,6.84,584.1,29.0,Moderate ecological ambiguity (Top-5 compatible)
1690,Rice,Wheat,0.2154,0.096,4,False,True,Chickpea,Nagaland,Rabi,7.45,261.1,19.7,Moderate ecological ambiguity (Top-5 compatible)
1691,Wheat,Mustard,0.2433,0.1804,2,True,True,Wheat,Nagaland,Rabi,7.11,273.4,17.8,Near-boundary Top-3 tie (Agro-climatic niche overlap)
1692,Soybean,Maize,0.1243,0.0537,10,False,False,Groundnut,Uttarakhand,Kharif,5.91,1405.9,28.1,Severe pedological / environmental divergence
1693,Sorghum,Rice,0.1382,0.0613,9,False,False,Cotton,Gujarat,Kharif,5.7,517.5,26.2,Majority class bias under moderate rainfall
1694,Soybean,Rice,0.1537,0.0518,10,False,False,Maize,West Bengal,Kharif,6.29,1747.1,30.6,Majority class bias under moderate rainfall
1695,Moong,Rice,0.1639,0.0854,5,False,True,Groundnut,Gujarat,Kharif,5.24,239.5,26.0,Moderate ecological ambiguity (Top-5 compatible)
1697,Sesamum,Rice,0.1387,0.067,9,False,False,Maize,Gujarat,Kharif,5.69,645.4,24.2,Majority class bias under moderate rainfall
1698,Wheat,Chickpea,0.2312,0.1972,2,True,True,Wheat,Manipur,Rabi,7.77,145.1,21.3,Near-boundary Top-3 tie (Agro-climatic niche overlap)
1699,Rice,Wheat,0.1349,0.0607,8,False,False,Mustard,Andhra Pradesh,Rabi,6.4,132.9,19.7,Severe pedological / environmental divergence
1700,Groundnut,Chickpea,0.14,0.0671,8,False,False,Mustard,Odisha,Rabi,6.47,176.8,18.9,Severe pedological / environmental divergence
1702,Moong,Sugarcane,0.8535,0.0102,7,False,False,Maize,Tripura,Whole Year,7.84,241.7,28.5,Severe pedological / environmental divergence
1703,Sesamum,Maize,0.1454,0.1082,3,True,True,Rice,Assam,Kharif,7.42,1378.6,27.4,Near-boundary Top-3 tie (Agro-climatic niche overlap)
1704,Soybean,Sorghum,0.1068,0.0498,12,False,False,Sesamum,Madhya Pradesh,Kharif,7.55,694.6,28.0,Severe pedological / environmental divergence
1706,Cotton,Wheat,0.1435,0.0126,14,False,False,Chickpea,Karnataka,Rabi,7.69,158.0,17.0,Severe pedological / environmental divergence
1707,Urad,Rice,0.2154,0.1169,3,True,True,Maize,Gujarat,Summer,6.03,46.2,32.1,Near-boundary Top-3 tie (Agro-climatic niche overlap)
1708,Rice,Maize,0.1265,0.1181,2,True,True,Rice,Bihar,Kharif,7.2,881.2,31.6,Near-boundary Top-3 tie (Agro-climatic niche overlap)
1710,Cotton,Finger Millet,0.1336,0.0657,10,False,False,Rice,Maharashtra,Kharif,7.81,999.8,30.4,Severe pedological / environmental divergence
1711,Maize,Sugarcane,0.4672,0.0489,6,False,False,Cotton,Tamil Nadu,Whole Year,6.27,91.6,30.6,Severe pedological / environmental divergence
1712,Sorghum,Rice,0.1248,0.0684,8,False,False,Pigeonpea,Bihar,Kharif,7.19,725.6,25.8,Majority class bias under moderate rainfall
1715,Moong,Wheat,0.1522,0.0952,5,False,True,Mustard,Telangana,Rabi,8.08,206.0,19.8,Moderate ecological ambiguity (Top-5 compatible)
1716,Finger Millet,Maize,0.1233,0.0755,7,False,False,Groundnut,West Bengal,Kharif,6.22,1239.0,33.3,Severe pedological / environmental divergence
1717,Urad,Mustard,0.1979,0.1087,4,False,True,Moong,Puducherry,Rabi,7.25,237.4,22.0,Moderate ecological ambiguity (Top-5 compatible)
1718,Soybean,Rice,0.1141,0.0411,12,False,False,Groundnut,Karnataka,Kharif,5.69,748.8,29.0,Majority class bias under moderate rainfall
1719,Pigeonpea,Rice,0.1307,0.0954,3,True,True,Moong,Haryana,Kharif,7.45,374.2,30.0,Near-boundary Top-3 tie (Agro-climatic niche overlap)
1721,Urad,Rice,0.1105,0.0903,4,False,True,Maize,Bihar,Kharif,6.85,930.0,30.3,Moderate ecological ambiguity (Top-5 compatible)
1722,Groundnut,Maize,0.144,0.1127,3,True,True,Rice,Jharkhand,Kharif,7.95,879.7,28.1,Near-boundary Top-3 tie (Agro-climatic niche overlap)
1723,Wheat,Maize,0.152,0.0273,10,False,False,Rice,Odisha,Summer,6.77,128.1,30.5,Severe pedological / environmental divergence
1724,Moong,Pigeonpea,0.1215,0.0691,7,False,False,Rice,Bihar,Kharif,7.11,779.1,27.1,Severe pedological / environmental divergence
1725,Pigeonpea,Rice,0.1327,0.0998,4,False,True,Maize,Nagaland,Kharif,7.17,1018.1,29.6,Moderate ecological ambiguity (Top-5 compatible)
1726,Soybean,Rice,0.1264,0.0625,9,False,False,Sesamum,Himachal Pradesh,Kharif,7.47,941.4,32.6,Majority class bias under moderate rainfall
1727,Rice,Mustard,0.1298,0.0944,3,True,True,Chickpea,Andhra Pradesh,Rabi,6.52,175.3,21.8,Near-boundary Top-3 tie (Agro-climatic niche overlap)
1728,Pearl Millet,Pigeonpea,0.1193,0.0947,5,False,True,Rice,Jammu and Kashmir,Kharif,6.14,697.4,28.3,Moderate ecological ambiguity (Top-5 compatible)
1729,Maize,Chickpea,0.1304,0.1251,2,True,True,Maize,Manipur,Rabi,7.52,191.1,25.4,Near-boundary Top-3 tie (Agro-climatic niche overlap)
1730,Soybean,Rice,0.1127,0.064,10,False,False,Groundnut,Maharashtra,Kharif,7.74,1026.2,29.9,Majority class bias under moderate rainfall
1732,Maize,Rice,0.305,0.1704,2,True,True,Maize,Bihar,Summer,7.66,89.6,33.3,Near-boundary Top-3 tie (Agro-climatic niche overlap)
1733,Sesamum,Moong,0.113,0.0653,10,False,False,Pearl Millet,Karnataka,Kharif,7.85,812.9,25.7,Severe pedological / environmental divergence
1734,Pearl Millet,Moong,0.1682,0.0639,8,False,False,Maize,Karnataka,Summer,6.87,149.0,29.9,Severe pedological / environmental divergence
1736,Wheat,Moong,0.1184,0.1056,4,False,True,Mustard,Chhattisgarh,Rabi,6.51,205.3,18.9,Moderate ecological ambiguity (Top-5 compatible)
1738,Pearl Millet,Rice,0.1487,0.0519,10,False,False,Maize,Haryana,Kharif,7.69,433.5,27.3,Majority class bias under moderate rainfall
1739,Pigeonpea,Chickpea,0.1481,0.0559,12,False,False,Mustard,Andhra Pradesh,Rabi,6.74,133.4,21.8,Severe pedological / environmental divergence
1740,Soybean,Pearl Millet,0.1244,0.0553,11,False,False,Rice,Madhya Pradesh,Kharif,7.74,631.4,26.9,Severe pedological / environmental divergence
1741,Sesamum,Rice,0.1338,0.0914,6,False,False,Pigeonpea,Haryana,Kharif,7.49,522.6,28.2,Majority class bias under moderate rainfall
1742,Pigeonpea,Finger Millet,0.1682,0.0688,6,False,False,Sesamum,Madhya Pradesh,Kharif,6.76,852.7,24.2,Severe pedological / environmental divergence
1743,Cotton,Groundnut,0.1255,0.0754,6,False,False,Maize,Uttar Pradesh,Kharif,8.12,533.3,31.1,Severe pedological / environmental divergence
1744,Sugarcane,Urad,0.1484,0.0138,14,False,False,Rice,Jammu and Kashmir,Kharif,6.0,834.4,27.5,Severe pedological / environmental divergence
1745,Moong,Rice,0.1259,0.0885,3,True,True,Maize,Bihar,Kharif,7.38,1180.6,27.3,Near-boundary Top-3 tie (Agro-climatic niche overlap)
1746,Rice,Sesamum,0.1265,0.0915,5,False,True,Sorghum,Haryana,Kharif,7.66,267.6,26.3,Moderate ecological ambiguity (Top-5 compatible)
1747,Soybean,Urad,0.1213,0.0692,8,False,False,Pearl Millet,Madhya Pradesh,Kharif,7.49,695.0,29.4,Severe pedological / environmental divergence
1749,Chickpea,Mustard,0.2977,0.1852,2,True,True,Chickpea,Bihar,Rabi,7.25,187.3,18.4,Near-boundary Top-3 tie (Agro-climatic niche overlap)
1751,Pigeonpea,Pearl Millet,0.1121,0.0766,7,False,False,Sesamum,Madhya Pradesh,Kharif,6.13,667.9,26.9,Severe pedological / environmental divergence
1755,Moong,Rice,0.117,0.0758,6,False,False,Sorghum,Uttar Pradesh,Kharif,8.03,730.9,27.4,Majority class bias under moderate rainfall
1756,Moong,Rice,0.2223,0.0334,10,False,False,Cotton,Tripura,Kharif,7.39,1835.3,28.8,Majority class bias under moderate rainfall
1757,Soybean,Maize,0.1361,0.0563,10,False,False,Rice,Uttarakhand,Kharif,7.15,1254.2,27.3,Severe pedological / environmental divergence
1758,Mustard,Chickpea,0.1941,0.135,2,True,True,Mustard,Madhya Pradesh,Rabi,6.64,165.8,21.3,Near-boundary Top-3 tie (Agro-climatic niche overlap)
1759,Chickpea,Wheat,0.173,0.1326,2,True,True,Chickpea,Madhya Pradesh,Rabi,8.14,194.0,21.3,Near-boundary Top-3 tie (Agro-climatic niche overlap)
1761,Chickpea,Sugarcane,0.3479,0.0301,12,False,False,Pearl Millet,Tamil Nadu,Whole Year,6.43,78.1,32.6,Severe pedological / environmental divergence
1762,Urad,Rice,0.1688,0.0492,8,False,False,Soybean,Mizoram,Kharif,6.7,1795.7,28.7,Majority class bias under moderate rainfall
1763,Chickpea,Mustard,0.1855,0.1391,3,True,True,Wheat,Assam,Rabi,7.12,288.5,21.2,Near-boundary Top-3 tie (Agro-climatic niche overlap)
1764,Mustard,Chickpea,0.112,0.1078,2,True,True,Mustard,Tripura,Rabi,6.82,258.0,21.5,Near-boundary Top-3 tie (Agro-climatic niche overlap)
1765,Rice,Maize,0.1404,0.1162,2,True,True,Rice,Mizoram,Kharif,7.46,1396.0,29.8,Near-boundary Top-3 tie (Agro-climatic niche overlap)
1766,Maize,Rice,0.4057,0.1407,2,True,True,Maize,Bihar,Summer,7.08,99.5,30.1,Near-boundary Top-3 tie (Agro-climatic niche overlap)
1767,Rice,Wheat,0.3129,0.1076,2,True,True,Rice,Nagaland,Rabi,7.75,251.3,25.9,Near-boundary Top-3 tie (Agro-climatic niche overlap)
1768,Moong,Wheat,0.1632,0.0891,4,False,True,Mustard,Karnataka,Rabi,7.36,211.6,18.9,Moderate ecological ambiguity (Top-5 compatible)
1769,Maize,Cotton,0.1625,0.0835,5,False,True,Rice,Mizoram,Kharif,6.68,2018.3,27.9,Moderate ecological ambiguity (Top-5 compatible)
1770,Maize,Rice,0.1172,0.1047,2,True,True,Maize,Tamil Nadu,Kharif,7.05,763.8,26.6,Near-boundary Top-3 tie (Agro-climatic niche overlap)
1772,Urad,Pearl Millet,0.1186,0.1017,3,True,True,Finger Millet,Maharashtra,Kharif,7.96,812.0,26.0,Near-boundary Top-3 tie (Agro-climatic niche overlap)
1773,Pigeonpea,Groundnut,0.1138,0.0615,10,False,False,Pearl Millet,Karnataka,Kharif,8.0,899.9,26.1,Severe pedological / environmental divergence
1775,Maize,Wheat,0.177,0.0833,6,False,False,Rice,Maharashtra,Rabi,7.44,219.8,25.1,Severe pedological / environmental divergence
1776,Urad,Rice,0.1159,0.0716,9,False,False,Groundnut,Maharashtra,Kharif,5.8,1048.8,29.1,Majority class bias under moderate rainfall
1779,Sorghum,Sugarcane,0.2957,0.0382,10,False,False,Sesamum,West Bengal,Whole Year,6.51,187.0,27.5,Severe pedological / environmental divergence
1780,Maize,Wheat,0.2152,0.079,5,False,True,Mustard,Bihar,Rabi,7.5,265.7,21.0,Moderate ecological ambiguity (Top-5 compatible)
1781,Moong,Urad,0.1386,0.1258,4,False,True,Maize,Odisha,Summer,6.3,145.9,36.8,Moderate ecological ambiguity (Top-5 compatible)
1782,Moong,Rice,0.1251,0.0809,6,False,False,Sesamum,Himachal Pradesh,Kharif,5.43,722.2,27.8,Majority class bias under moderate rainfall
1783,Chickpea,Wheat,0.1823,0.071,6,False,False,Mustard,Tripura,Rabi,7.36,412.6,18.1,Severe pedological / environmental divergence
1784,Sesamum,Rice,0.1653,0.0375,9,False,False,Moong,Maharashtra,Summer,7.61,113.3,29.7,Majority class bias under moderate rainfall
1785,Mustard,Wheat,0.359,0.2016,3,True,True,Chickpea,Punjab,Rabi,5.74,116.4,23.9,Near-boundary Top-3 tie (Agro-climatic niche overlap)
1786,Rice,Sesamum,0.1234,0.12,2,True,True,Rice,Nagaland,Kharif,7.26,1028.2,30.9,Near-boundary Top-3 tie (Agro-climatic niche overlap)
1787,Pearl Millet,Moong,0.1259,0.0596,8,False,False,Maize,Himachal Pradesh,Kharif,5.72,1021.4,27.1,Severe pedological / environmental divergence
1788,Moong,Rice,0.1354,0.1321,2,True,True,Moong,Jammu and Kashmir,Kharif,6.12,949.8,28.1,Near-boundary Top-3 tie (Agro-climatic niche overlap)
1789,Sesamum,Rice,0.1237,0.1039,4,False,True,Maize,Uttarakhand,Kharif,7.47,1006.7,31.8,Moderate ecological ambiguity (Top-5 compatible)
1790,Maize,Rice,0.2126,0.11,3,True,True,Groundnut,Karnataka,Summer,5.12,120.6,31.6,Near-boundary Top-3 tie (Agro-climatic niche overlap)
1792,Finger Millet,Maize,0.1012,0.0841,4,False,True,Pearl Millet,Madhya Pradesh,Kharif,7.87,805.8,26.2,Moderate ecological ambiguity (Top-5 compatible)
1793,Sorghum,Rice,0.127,0.0264,12,False,False,Sesamum,Nagaland,Kharif,7.53,1287.0,31.2,Majority class bias under moderate rainfall
1794,Groundnut,Rice,0.1579,0.0415,8,False,False,Wheat,Arunachal Pradesh,Rabi,7.78,352.2,20.9,Majority class bias under moderate rainfall
1795,Sugarcane,Mustard,0.1402,0.0135,14,False,False,Rice,Odisha,Rabi,6.55,226.4,19.7,Severe pedological / environmental divergence
1796,Cotton,Rice,0.2153,0.0757,7,False,False,Soybean,Meghalaya,Kharif,7.1,3309.6,30.1,Majority class bias under moderate rainfall
1797,Urad,Rice,0.1154,0.0707,8,False,False,Groundnut,Karnataka,Kharif,5.5,945.3,31.0,Majority class bias under moderate rainfall
1798,Moong,Rice,0.1289,0.0857,7,False,False,Pigeonpea,Jammu and Kashmir,Kharif,6.03,591.6,28.8,Majority class bias under moderate rainfall
1799,Sesamum,Maize,0.1356,0.0385,9,False,False,Moong,Gujarat,Summer,5.43,59.3,30.8,Severe pedological / environmental divergence
1800,Sorghum,Wheat,0.1238,0.0773,6,False,False,Mustard,Karnataka,Rabi,8.13,187.6,23.3,Severe pedological / environmental divergence
1801,Pigeonpea,Groundnut,0.1418,0.0538,11,False,False,Urad,Uttar Pradesh,Kharif,8.03,584.9,29.7,Severe pedological / environmental divergence
1802,Groundnut,Mustard,0.1682,0.0573,8,False,False,Rice,Tripura,Rabi,6.32,466.7,18.7,Severe pedological / environmental divergence
1803,Pearl Millet,Mustard,0.1399,0.0422,12,False,False,Chickpea,Andhra Pradesh,Rabi,6.77,112.7,23.1,Severe pedological / environmental divergence
1804,Finger Millet,Sugarcane,0.4306,0.0752,2,True,True,Finger Millet,Tamil Nadu,Whole Year,6.45,120.2,29.6,Near-boundary Top-3 tie (Agro-climatic niche overlap)
1805,Maize,Groundnut,0.1177,0.1006,4,False,True,Rice,Uttarakhand,Kharif,5.62,1063.9,27.8,Moderate ecological ambiguity (Top-5 compatible)
1806,Sesamum,Chickpea,0.1051,0.0616,10,False,False,Sorghum,Andhra Pradesh,Rabi,6.06,154.3,26.7,Severe pedological / environmental divergence
1807,Maize,Rice,0.1441,0.1114,2,True,True,Maize,West Bengal,Kharif,6.95,1260.4,26.2,Near-boundary Top-3 tie (Agro-climatic niche overlap)
1808,Moong,Rice,0.1883,0.0323,9,False,False,Maize,Arunachal Pradesh,Kharif,7.12,1835.7,28.3,Majority class bias under moderate rainfall
1809,Finger Millet,Sesamum,0.1186,0.049,10,False,False,Rice,Bihar,Kharif,7.51,904.9,30.0,Severe pedological / environmental divergence
1810,Urad,Rice,0.1261,0.0789,6,False,False,Maize,Himachal Pradesh,Kharif,7.25,1065.7,27.8,Majority class bias under moderate rainfall
1811,Moong,Maize,0.1074,0.0542,11,False,False,Pearl Millet,Uttar Pradesh,Kharif,7.65,737.6,28.9,Severe pedological / environmental divergence
1812,Moong,Rice,0.1162,0.096,4,False,True,Maize,Madhya Pradesh,Kharif,6.21,749.9,27.3,Moderate ecological ambiguity (Top-5 compatible)
1813,Maize,Rice,0.1963,0.183,2,True,True,Maize,Meghalaya,Kharif,7.47,3601.4,29.2,Near-boundary Top-3 tie (Agro-climatic niche overlap)
1815,Groundnut,Sorghum,0.1192,0.1,3,True,True,Rice,Maharashtra,Kharif,5.53,894.6,29.0,Near-boundary Top-3 tie (Agro-climatic niche overlap)
1816,Groundnut,Rice,0.3307,0.0592,5,False,True,Moong,Maharashtra,Summer,8.3,132.3,31.5,Moderate ecological ambiguity (Top-5 compatible)
1817,Sorghum,Sesamum,0.1413,0.0673,8,False,False,Rice,Bihar,Kharif,7.49,804.6,31.5,Severe pedological / environmental divergence
1819,Soybean,Maize,0.2221,0.1018,5,False,True,Rice,Meghalaya,Kharif,7.43,3551.4,30.9,Moderate ecological ambiguity (Top-5 compatible)
1820,Chickpea,Sorghum,0.1662,0.1634,2,True,True,Chickpea,Karnataka,Rabi,5.14,184.6,24.1,Near-boundary Top-3 tie (Agro-climatic niche overlap)
1821,Sesamum,Maize,0.1481,0.1075,4,False,True,Rice,Tripura,Kharif,6.23,1826.6,30.1,Moderate ecological ambiguity (Top-5 compatible)
1822,Rice,Moong,0.242,0.1904,2,True,True,Rice,Uttar Pradesh,Summer,7.73,79.6,35.2,Near-boundary Top-3 tie (Agro-climatic niche overlap)
1823,Maize,Wheat,0.2132,0.0703,5,False,True,Chickpea,Bihar,Rabi,7.63,231.5,20.6,Moderate ecological ambiguity (Top-5 compatible)
1825,Sorghum,Urad,0.1198,0.0725,8,False,False,Groundnut,Chhattisgarh,Kharif,6.37,1000.0,30.3,Severe pedological / environmental divergence
1826,Finger Millet,Pigeonpea,0.129,0.0648,9,False,False,Maize,Uttarakhand,Kharif,6.25,1147.4,30.1,Severe pedological / environmental divergence
1828,Mustard,Wheat,0.2603,0.1266,3,True,True,Chickpea,Manipur,Rabi,7.6,159.9,18.5,Near-boundary Top-3 tie (Agro-climatic niche overlap)
1829,Finger Millet,Mustard,0.1284,0.0447,11,False,False,Chickpea,Tamil Nadu,Rabi,6.75,125.0,19.9,Severe pedological / environmental divergence
1830,Sesamum,Cotton,0.1521,0.0934,5,False,True,Rice,West Bengal,Kharif,6.13,1725.9,25.8,Moderate ecological ambiguity (Top-5 compatible)
1831,Moong,Rice,0.4101,0.1276,2,True,True,Moong,West Bengal,Summer,7.53,185.6,32.1,Near-boundary Top-3 tie (Agro-climatic niche overlap)
1833,Maize,Mustard,0.2525,0.0679,6,False,False,Wheat,Bihar,Rabi,7.1,187.8,18.6,Severe pedological / environmental divergence
1835,Groundnut,Rice,0.1218,0.0804,9,False,False,Maize,Bihar,Kharif,7.16,1129.0,25.7,Majority class bias under moderate rainfall
1836,Chickpea,Wheat,0.1383,0.0884,5,False,True,Sesamum,Andhra Pradesh,Rabi,7.53,132.8,18.9,Moderate ecological ambiguity (Top-5 compatible)
1837,Sesamum,Maize,0.1201,0.1053,4,False,True,Rice,Uttar Pradesh,Kharif,7.63,414.9,25.7,Moderate ecological ambiguity (Top-5 compatible)
1838,Sorghum,Sesamum,0.1302,0.0504,10,False,False,Rice,Nagaland,Kharif,7.55,1202.7,27.3,Severe pedological / environmental divergence
1839,Mustard,Wheat,0.2027,0.17,2,True,True,Mustard,Bihar,Rabi,7.38,190.4,17.0,Near-boundary Top-3 tie (Agro-climatic niche overlap)
1841,Pigeonpea,Rice,0.1065,0.0854,4,False,True,Urad,Tamil Nadu,Kharif,6.41,748.4,29.4,Moderate ecological ambiguity (Top-5 compatible)
1842,Moong,Sugarcane,0.8935,0.0127,4,False,True,Sesamum,Tripura,Whole Year,7.44,285.1,36.6,Moderate ecological ambiguity (Top-5 compatible)
1843,Groundnut,Maize,0.1178,0.1106,2,True,True,Groundnut,Himachal Pradesh,Kharif,5.96,873.7,27.9,Near-boundary Top-3 tie (Agro-climatic niche overlap)
1844,Rice,Sugarcane,0.8422,0.0112,7,False,False,Sesamum,Mizoram,Whole Year,7.57,221.9,28.9,Severe pedological / environmental divergence
1845,Finger Millet,Rice,0.1131,0.0604,12,False,False,Pearl Millet,Karnataka,Kharif,7.47,851.1,26.9,Majority class bias under moderate rainfall
1846,Sorghum,Chickpea,0.1164,0.1138,2,True,True,Sorghum,Andhra Pradesh,Rabi,7.86,153.7,16.4,Near-boundary Top-3 tie (Agro-climatic niche overlap)
1847,Finger Millet,Wheat,0.2172,0.0239,13,False,False,Chickpea,Tamil Nadu,Rabi,6.87,65.1,18.4,Severe pedological / environmental divergence
1848,Rice,Chickpea,0.209,0.0715,5,False,True,Mustard,Nagaland,Rabi,7.52,187.6,23.1,Moderate ecological ambiguity (Top-5 compatible)
1849,Rice,Wheat,0.2173,0.1163,3,True,True,Mustard,Meghalaya,Rabi,7.53,350.6,20.7,Near-boundary Top-3 tie (Agro-climatic niche overlap)
1850,Maize,Rice,0.1362,0.0982,3,True,True,Sesamum,Nagaland,Kharif,7.25,921.8,31.8,Near-boundary Top-3 tie (Agro-climatic niche overlap)
1851,Sesamum,Chickpea,0.1251,0.0338,11,False,False,Rice,Maharashtra,Rabi,7.57,241.1,20.4,Severe pedological / environmental divergence
1852,Moong,Rice,0.1213,0.0896,5,False,True,Maize,Uttarakhand,Kharif,7.39,1068.1,28.8,Moderate ecological ambiguity (Top-5 compatible)
1853,Urad,Wheat,0.1531,0.0565,8,False,False,Mustard,Madhya Pradesh,Rabi,7.98,217.4,15.7,Severe pedological / environmental divergence
1854,Chickpea,Wheat,0.2007,0.1841,2,True,True,Chickpea,Gujarat,Rabi,5.91,166.3,19.2,Near-boundary Top-3 tie (Agro-climatic niche overlap)
1855,Chickpea,Mustard,0.1286,0.1226,2,True,True,Chickpea,Andhra Pradesh,Rabi,6.41,130.5,20.7,Near-boundary Top-3 tie (Agro-climatic niche overlap)
1856,Groundnut,Rice,0.1082,0.1056,2,True,True,Groundnut,Andhra Pradesh,Kharif,6.68,517.7,27.9,Near-boundary Top-3 tie (Agro-climatic niche overlap)
1857,Finger Millet,Pigeonpea,0.1287,0.0789,8,False,False,Urad,Uttarakhand,Kharif,5.84,972.1,29.6,Severe pedological / environmental divergence
1858,Chickpea,Mustard,0.2005,0.0847,5,False,True,Wheat,Assam,Rabi,7.19,317.2,15.8,Moderate ecological ambiguity (Top-5 compatible)
1859,Sorghum,Chickpea,0.1945,0.092,4,False,True,Mustard,Gujarat,Rabi,5.89,162.8,21.5,Moderate ecological ambiguity (Top-5 compatible)
1860,Urad,Rice,0.1789,0.0555,9,False,False,Wheat,Tripura,Rabi,7.55,296.3,22.0,Majority class bias under moderate rainfall
1861,Finger Millet,Sugarcane,0.3174,0.0716,4,False,True,Maize,Kerala,Whole Year,5.45,314.4,31.5,Moderate ecological ambiguity (Top-5 compatible)
1862,Cotton,Rice,0.1294,0.0553,10,False,False,Maize,Haryana,Kharif,7.36,300.1,29.9,Majority class bias under moderate rainfall
1863,Maize,Pearl Millet,0.1227,0.0824,7,False,False,Sorghum,Telangana,Kharif,7.84,700.9,28.7,Severe pedological / environmental divergence
1864,Groundnut,Pearl Millet,0.099,0.0786,7,False,False,Rice,Karnataka,Kharif,7.89,905.2,30.8,Severe pedological / environmental divergence
1865,Maize,Rice,0.1168,0.1074,2,True,True,Maize,Telangana,Kharif,6.44,603.5,30.4,Near-boundary Top-3 tie (Agro-climatic niche overlap)
1866,Maize,Pearl Millet,0.1171,0.1059,2,True,True,Maize,Madhya Pradesh,Kharif,7.28,840.0,29.2,Near-boundary Top-3 tie (Agro-climatic niche overlap)
1867,Maize,Finger Millet,0.1202,0.047,12,False,False,Moong,Telangana,Kharif,6.76,987.6,29.7,Severe pedological / environmental divergence
1868,Sorghum,Chickpea,0.2167,0.0877,4,False,True,Mustard,Andhra Pradesh,Rabi,6.58,145.6,22.5,Moderate ecological ambiguity (Top-5 compatible)
1869,Sesamum,Rice,0.2375,0.0928,4,False,True,Maize,Tripura,Kharif,7.46,2506.0,30.2,Moderate ecological ambiguity (Top-5 compatible)
1870,Urad,Mustard,0.1479,0.0982,2,True,True,Urad,Andhra Pradesh,Rabi,6.48,140.4,21.2,Near-boundary Top-3 tie (Agro-climatic niche overlap)
1871,Rice,Maize,0.1742,0.0929,3,True,True,Sesamum,Mizoram,Kharif,6.33,1243.6,32.5,Near-boundary Top-3 tie (Agro-climatic niche overlap)
1872,Soybean,Rice,0.1083,0.073,7,False,False,Moong,Madhya Pradesh,Kharif,6.64,1115.4,28.8,Majority class bias under moderate rainfall
1873,Pearl Millet,Rice,0.1041,0.0899,3,True,True,Urad,Tamil Nadu,Kharif,6.13,704.8,25.8,Near-boundary Top-3 tie (Agro-climatic niche overlap)
1874,Sugarcane,Rice,0.1249,0.0115,14,False,False,Sesamum,Puducherry,Kharif,6.25,1245.3,26.2,Majority class bias under moderate rainfall
1875,Sorghum,Chickpea,0.1234,0.0815,5,False,True,Wheat,Tamil Nadu,Rabi,6.16,140.8,23.3,Moderate ecological ambiguity (Top-5 compatible)
1876,Urad,Rice,0.165,0.0841,5,False,True,Mustard,Mizoram,Rabi,6.52,376.9,19.1,Moderate ecological ambiguity (Top-5 compatible)
1877,Mustard,Pearl Millet,0.1182,0.0059,15,False,False,Finger Millet,Karnataka,Kharif,7.93,898.2,26.2,Severe pedological / environmental divergence
1878,Sorghum,Rice,0.1323,0.0463,11,False,False,Moong,Haryana,Kharif,7.05,420.5,25.3,Majority class bias under moderate rainfall
1879,Groundnut,Rice,0.1369,0.0653,9,False,False,Maize,Punjab,Kharif,7.47,379.6,28.6,Majority class bias under moderate rainfall
1881,Urad,Rice,0.3922,0.0824,4,False,True,Maize,Uttarakhand,Summer,7.82,128.6,32.2,Moderate ecological ambiguity (Top-5 compatible)
1882,Sesamum,Rice,0.1518,0.0295,10,False,False,Chickpea,West Bengal,Rabi,6.06,253.6,16.8,Majority class bias under moderate rainfall
1883,Pearl Millet,Maize,0.1577,0.0468,8,False,False,Rice,Karnataka,Summer,6.68,131.2,33.9,Severe pedological / environmental divergence
1884,Sesamum,Groundnut,0.1028,0.0848,7,False,False,Finger Millet,Odisha,Kharif,6.58,1041.6,30.1,Severe pedological / environmental divergence
1885,Maize,Wheat,0.2111,0.0809,4,False,True,Mustard,Uttar Pradesh,Rabi,7.52,99.1,21.1,Moderate ecological ambiguity (Top-5 compatible)
1886,Cotton,Rice,0.1037,0.0626,11,False,False,Pearl Millet,Puducherry,Kharif,7.54,1093.5,27.7,Majority class bias under moderate rainfall
1887,Finger Millet,Rice,0.1842,0.0905,5,False,True,Cotton,West Bengal,Kharif,6.7,1530.9,29.1,Moderate ecological ambiguity (Top-5 compatible)
1888,Urad,Groundnut,0.1554,0.0534,9,False,False,Pearl Millet,Madhya Pradesh,Kharif,7.97,668.6,28.6,Severe pedological / environmental divergence
1890,Sorghum,Wheat,0.1157,0.0622,9,False,False,Maize,Madhya Pradesh,Rabi,6.44,141.6,25.0,Severe pedological / environmental divergence
1891,Finger Millet,Rice,0.1175,0.0663,10,False,False,Sesamum,Chhattisgarh,Kharif,6.47,978.8,27.8,Majority class bias under moderate rainfall
1892,Wheat,Chickpea,0.2167,0.1743,2,True,True,Wheat,Jharkhand,Rabi,7.52,187.3,24.1,Near-boundary Top-3 tie (Agro-climatic niche overlap)
1893,Pigeonpea,Rice,0.1303,0.0936,3,True,True,Maize,Uttarakhand,Kharif,7.36,640.4,26.3,Near-boundary Top-3 tie (Agro-climatic niche overlap)
1894,Urad,Groundnut,0.1179,0.0996,3,True,True,Rice,Bihar,Kharif,6.66,809.9,30.5,Near-boundary Top-3 tie (Agro-climatic niche overlap)
1895,Urad,Soybean,0.1216,0.089,4,False,True,Sorghum,Andhra Pradesh,Kharif,6.82,477.9,28.3,Moderate ecological ambiguity (Top-5 compatible)
1896,Wheat,Chickpea,0.2029,0.1596,3,True,True,Mustard,Jammu and Kashmir,Rabi,5.67,218.1,14.6,Near-boundary Top-3 tie (Agro-climatic niche overlap)
1897,Cotton,Rice,0.1238,0.0537,11,False,False,Maize,Nagaland,Kharif,7.39,1111.6,30.5,Majority class bias under moderate rainfall
1899,Pearl Millet,Cotton,0.1581,0.0537,10,False,False,Maize,West Bengal,Kharif,6.2,1438.3,25.4,Severe pedological / environmental divergence
1900,Moong,Groundnut,0.1327,0.0626,10,False,False,Maize,Madhya Pradesh,Kharif,5.92,674.0,29.0,Severe pedological / environmental divergence
1901,Cotton,Pearl Millet,0.1116,0.0624,11,False,False,Rice,Karnataka,Kharif,7.95,890.9,27.8,Severe pedological / environmental divergence
1902,Rice,Soybean,0.1499,0.085,5,False,True,Groundnut,Madhya Pradesh,Kharif,6.48,929.6,29.7,Moderate ecological ambiguity (Top-5 compatible)
1903,Pigeonpea,Groundnut,0.099,0.0676,10,False,False,Urad,Maharashtra,Kharif,7.5,792.8,28.7,Severe pedological / environmental divergence
1905,Moong,Rice,0.1286,0.0664,10,False,False,Maize,Gujarat,Kharif,5.63,603.8,27.3,Majority class bias under moderate rainfall
1906,Maize,Rice,0.1411,0.1114,2,True,True,Maize,Uttarakhand,Kharif,7.42,1041.4,30.5,Near-boundary Top-3 tie (Agro-climatic niche overlap)
1908,Mustard,Wheat,0.126,0.0774,5,False,True,Moong,Tamil Nadu,Rabi,6.69,112.4,17.2,Moderate ecological ambiguity (Top-5 compatible)
1910,Rice,Pearl Millet,0.1192,0.0982,2,True,True,Rice,Delhi,Kharif,7.85,383.8,26.7,Near-boundary Top-3 tie (Agro-climatic niche overlap)
1911,Soybean,Maize,0.1263,0.0611,8,False,False,Sesamum,Uttarakhand,Kharif,7.55,1274.1,30.4,Severe pedological / environmental divergence
1912,Sorghum,Sugarcane,0.5005,0.0304,10,False,False,Pearl Millet,Tamil Nadu,Whole Year,6.21,87.4,35.0,Severe pedological / environmental divergence
1914,Cotton,Sesamum,0.1251,0.1031,4,False,True,Rice,Haryana,Kharif,7.16,220.7,30.5,Moderate ecological ambiguity (Top-5 compatible)
1916,Finger Millet,Rice,0.1456,0.0503,8,False,False,Groundnut,Odisha,Summer,6.7,121.9,32.9,Majority class bias under moderate rainfall
1917,Mustard,Chickpea,0.1509,0.0769,5,False,True,Wheat,Gujarat,Rabi,5.73,149.8,21.6,Moderate ecological ambiguity (Top-5 compatible)
1919,Chickpea,Wheat,0.1717,0.1117,3,True,True,Mustard,Madhya Pradesh,Rabi,8.13,123.0,21.8,Near-boundary Top-3 tie (Agro-climatic niche overlap)
1920,Maize,Rice,0.1293,0.1114,2,True,True,Maize,Jharkhand,Kharif,6.15,867.7,29.1,Near-boundary Top-3 tie (Agro-climatic niche overlap)
1921,Urad,Sugarcane,0.5452,0.0225,12,False,False,Pearl Millet,Tamil Nadu,Whole Year,6.85,83.4,33.1,Severe pedological / environmental divergence
1922,Soybean,Rice,0.1844,0.1104,4,False,True,Cotton,Meghalaya,Kharif,7.8,2242.6,25.9,Moderate ecological ambiguity (Top-5 compatible)
1923,Mustard,Chickpea,0.3062,0.1311,3,True,True,Wheat,Haryana,Rabi,7.01,63.8,22.6,Near-boundary Top-3 tie (Agro-climatic niche overlap)
1924,Maize,Chickpea,0.3083,0.0493,5,False,True,Wheat,Gujarat,Rabi,5.56,82.2,18.4,Moderate ecological ambiguity (Top-5 compatible)
1925,Sorghum,Pigeonpea,0.1001,0.0834,5,False,True,Finger Millet,Maharashtra,Kharif,7.87,710.5,23.9,Moderate ecological ambiguity (Top-5 compatible)
1926,Maize,Finger Millet,0.1429,0.0784,5,False,True,Sorghum,Karnataka,Kharif,8.0,711.5,24.9,Moderate ecological ambiguity (Top-5 compatible)
1927,Sesamum,Rice,0.1532,0.1194,3,True,True,Maize,Puducherry,Summer,6.81,146.1,35.2,Near-boundary Top-3 tie (Agro-climatic niche overlap)
1928,Rice,Finger Millet,0.1949,0.1121,4,False,True,Sesamum,West Bengal,Summer,6.62,173.2,32.5,Moderate ecological ambiguity (Top-5 compatible)
1929,Pearl Millet,Rice,0.1252,0.0858,4,False,True,Urad,Chhattisgarh,Kharif,6.42,928.1,30.2,Moderate ecological ambiguity (Top-5 compatible)
1930,Pearl Millet,Rice,0.1081,0.0603,9,False,False,Sesamum,Karnataka,Kharif,8.01,852.5,30.7,Majority class bias under moderate rainfall
1932,Soybean,Maize,0.1539,0.0697,7,False,False,Rice,Nagaland,Kharif,7.22,1179.4,26.3,Severe pedological / environmental divergence
1933,Soybean,Groundnut,0.1095,0.0522,12,False,False,Pearl Millet,Maharashtra,Kharif,7.74,802.3,28.1,Severe pedological / environmental divergence
1934,Groundnut,Mustard,0.1498,0.0814,5,False,True,Rice,Goa,Rabi,7.58,505.1,25.4,Moderate ecological ambiguity (Top-5 compatible)
1935,Moong,Pearl Millet,0.1491,0.0714,8,False,False,Maize,Uttar Pradesh,Kharif,7.77,532.2,30.1,Severe pedological / environmental divergence
1936,Moong,Rice,0.1167,0.0965,4,False,True,Maize,Odisha,Kharif,6.75,1248.9,28.1,Moderate ecological ambiguity (Top-5 compatible)
1937,Pigeonpea,Wheat,0.2129,0.0115,12,False,False,Mustard,Jharkhand,Rabi,7.36,225.3,22.2,Severe pedological / environmental divergence
1939,Sesamum,Sugarcane,0.4406,0.0989,2,True,True,Sesamum,Kerala,Whole Year,6.82,283.1,31.8,Near-boundary Top-3 tie (Agro-climatic niche overlap)
1940,Maize,Sugarcane,0.3311,0.0484,8,False,False,Sesamum,Tamil Nadu,Whole Year,6.52,110.7,34.5,Severe pedological / environmental divergence
1941,Urad,Rice,0.125,0.0825,5,False,True,Maize,Uttarakhand,Kharif,6.22,987.5,26.5,Moderate ecological ambiguity (Top-5 compatible)
1942,Moong,Maize,0.262,0.0862,4,False,True,Rice,Madhya Pradesh,Summer,7.4,115.0,28.1,Moderate ecological ambiguity (Top-5 compatible)
1943,Cotton,Rice,0.1412,0.0501,9,False,False,Urad,Jammu and Kashmir,Kharif,5.95,1333.0,26.1,Majority class bias under moderate rainfall
1944,Moong,Rice,0.2624,0.1269,2,True,True,Moong,Puducherry,Summer,8.09,157.3,26.5,Near-boundary Top-3 tie (Agro-climatic niche overlap)
1945,Pigeonpea,Sesamum,0.155,0.0485,10,False,False,Moong,Uttarakhand,Kharif,5.9,1044.8,33.9,Severe pedological / environmental divergence
1946,Pigeonpea,Rice,0.1275,0.0757,8,False,False,Cotton,Punjab,Kharif,7.25,443.1,26.1,Majority class bias under moderate rainfall
1947,Finger Millet,Urad,0.1185,0.0482,11,False,False,Groundnut,Uttarakhand,Kharif,5.85,1010.4,30.2,Severe pedological / environmental divergence
1948,Wheat,Maize,0.1197,0.0754,7,False,False,Rice,Andhra Pradesh,Rabi,6.69,186.7,15.4,Severe pedological / environmental divergence
1949,Sesamum,Wheat,0.1863,0.0614,8,False,False,Chickpea,Maharashtra,Rabi,7.83,198.6,19.8,Severe pedological / environmental divergence
1950,Groundnut,Sugarcane,0.4349,0.0732,3,True,True,Finger Millet,Kerala,Whole Year,6.73,269.3,29.1,Near-boundary Top-3 tie (Agro-climatic niche overlap)
1951,Pigeonpea,Pearl Millet,0.1352,0.0686,8,False,False,Sorghum,Delhi,Kharif,7.59,347.4,28.8,Severe pedological / environmental divergence
1953,Maize,Sesamum,0.1073,0.0708,9,False,False,Pearl Millet,Maharashtra,Kharif,7.4,976.2,30.1,Severe pedological / environmental divergence
1954,Rice,Maize,0.1302,0.0927,3,True,True,Soybean,Tamil Nadu,Kharif,6.45,692.3,26.9,Near-boundary Top-3 tie (Agro-climatic niche overlap)
1955,Finger Millet,Rice,0.2529,0.1529,2,True,True,Finger Millet,Kerala,Kharif,5.26,2330.9,27.7,Near-boundary Top-3 tie (Agro-climatic niche overlap)
1956,Wheat,Mustard,0.2373,0.2188,2,True,True,Wheat,Meghalaya,Rabi,7.67,472.0,18.7,Near-boundary Top-3 tie (Agro-climatic niche overlap)
1957,Finger Millet,Maize,0.1663,0.0249,12,False,False,Rice,Nagaland,Kharif,7.47,1272.2,28.3,Severe pedological / environmental divergence
1959,Rice,Sesamum,0.1359,0.1079,2,True,True,Rice,Uttarakhand,Kharif,5.68,1189.6,34.1,Near-boundary Top-3 tie (Agro-climatic niche overlap)
1960,Moong,Urad,0.1199,0.1167,3,True,True,Maize,Odisha,Rabi,6.0,210.1,18.8,Near-boundary Top-3 tie (Agro-climatic niche overlap)
1961,Pearl Millet,Rice,0.1299,0.0407,11,False,False,Maize,West Bengal,Kharif,6.53,1474.9,29.5,Majority class bias under moderate rainfall
1962,Moong,Maize,0.1824,0.0555,10,False,False,Rice,West Bengal,Kharif,6.03,1505.5,29.0,Severe pedological / environmental divergence
1963,Sorghum,Maize,0.1116,0.0742,8,False,False,Urad,Andhra Pradesh,Kharif,6.42,594.9,29.2,Severe pedological / environmental divergence
1965,Cotton,Finger Millet,0.1204,0.069,7,False,False,Sesamum,Andhra Pradesh,Kharif,6.67,902.4,26.1,Severe pedological / environmental divergence
1966,Maize,Sorghum,0.0931,0.0825,6,False,False,Finger Millet,Maharashtra,Kharif,7.72,1066.9,29.5,Severe pedological / environmental divergence
1967,Maize,Mustard,0.1402,0.0766,7,False,False,Rice,Mizoram,Rabi,6.57,312.4,24.0,Severe pedological / environmental divergence
1969,Soybean,Rice,0.2134,0.0495,8,False,False,Maize,Meghalaya,Kharif,7.38,1830.1,30.0,Majority class bias under moderate rainfall
1970,Rice,Sorghum,0.1183,0.1087,2,True,True,Rice,Tamil Nadu,Kharif,6.12,719.2,30.1,Near-boundary Top-3 tie (Agro-climatic niche overlap)
1972,Cotton,Rice,0.2257,0.1103,3,True,True,Maize,Tripura,Kharif,6.51,1979.7,28.7,Near-boundary Top-3 tie (Agro-climatic niche overlap)
1973,Cotton,Finger Millet,0.1567,0.0586,10,False,False,Sorghum,Maharashtra,Kharif,8.0,784.6,29.9,Severe pedological / environmental divergence
1974,Chickpea,Wheat,0.2017,0.1906,2,True,True,Chickpea,Gujarat,Rabi,5.38,89.3,18.8,Near-boundary Top-3 tie (Agro-climatic niche overlap)
1975,Finger Millet,Rice,0.1176,0.0554,10,False,False,Moong,Himachal Pradesh,Kharif,5.78,959.3,27.8,Majority class bias under moderate rainfall
1976,Rice,Cotton,0.159,0.1356,2,True,True,Rice,Mizoram,Kharif,6.53,1710.2,26.9,Near-boundary Top-3 tie (Agro-climatic niche overlap)
1977,Finger Millet,Maize,0.1316,0.0328,11,False,False,Rice,Nagaland,Kharif,7.15,1299.7,27.9,Severe pedological / environmental divergence
1979,Moong,Rice,0.1282,0.0748,6,False,False,Sesamum,Bihar,Kharif,7.72,794.8,26.8,Majority class bias under moderate rainfall
1980,Cotton,Groundnut,0.1318,0.0628,10,False,False,Rice,Chhattisgarh,Kharif,6.7,935.5,27.9,Severe pedological / environmental divergence
1981,Maize,Wheat,0.156,0.1413,3,True,True,Mustard,Maharashtra,Rabi,7.61,187.3,17.4,Near-boundary Top-3 tie (Agro-climatic niche overlap)
1982,Moong,Chickpea,0.1411,0.0434,10,False,False,Wheat,Karnataka,Rabi,8.22,151.0,23.5,Legume/Pulse physiological similarity
1983,Maize,Rice,0.1082,0.0914,4,False,True,Urad,Odisha,Kharif,6.29,771.1,29.1,Moderate ecological ambiguity (Top-5 compatible)
1984,Rice,Groundnut,0.1426,0.1,4,False,True,Moong,Himachal Pradesh,Kharif,6.13,1020.2,28.7,Moderate ecological ambiguity (Top-5 compatible)
1985,Urad,Wheat,0.2355,0.0591,7,False,False,Mustard,Tripura,Rabi,7.11,298.4,23.5,Severe pedological / environmental divergence
1987,Wheat,Chickpea,0.2421,0.088,3,True,True,Mustard,Punjab,Rabi,6.21,44.7,25.3,Near-boundary Top-3 tie (Agro-climatic niche overlap)
1988,Sesamum,Rice,0.4512,0.0613,5,False,True,Groundnut,Puducherry,Summer,7.93,178.2,34.6,Moderate ecological ambiguity (Top-5 compatible)
1989,Moong,Rice,0.2619,0.1513,3,True,True,Maize,West Bengal,Summer,6.08,197.4,35.2,Near-boundary Top-3 tie (Agro-climatic niche overlap)
1990,Pigeonpea,Rice,0.2389,0.1215,2,True,True,Pigeonpea,Tripura,Kharif,7.15,2462.2,25.1,Near-boundary Top-3 tie (Agro-climatic niche overlap)
1991,Moong,Rice,0.12,0.0906,6,False,False,Cotton,Uttar Pradesh,Kharif,7.49,304.3,26.4,Majority class bias under moderate rainfall
1992,Groundnut,Maize,0.1317,0.0951,4,False,True,Rice,Tripura,Kharif,7.54,1318.9,30.1,Moderate ecological ambiguity (Top-5 compatible)
1994,Urad,Groundnut,0.1347,0.0681,9,False,False,Maize,Maharashtra,Kharif,8.04,976.7,26.8,Severe pedological / environmental divergence
1995,Wheat,Rice,0.1549,0.0871,5,False,True,Mustard,West Bengal,Rabi,6.61,332.0,20.9,Moderate ecological ambiguity (Top-5 compatible)
1996,Pearl Millet,Rice,0.1099,0.0891,6,False,False,Maize,Jammu and Kashmir,Kharif,5.87,1004.8,27.3,Majority class bias under moderate rainfall
1997,Urad,Rice,0.1058,0.0814,5,False,True,Maize,West Bengal,Kharif,6.99,951.6,27.9,Moderate ecological ambiguity (Top-5 compatible)
1998,Moong,Rice,0.1089,0.0662,7,False,False,Maize,Andhra Pradesh,Kharif,6.54,512.0,23.5,Majority class bias under moderate rainfall
1999,Sorghum,Urad,0.117,0.0681,9,False,False,Rice,Madhya Pradesh,Kharif,6.35,792.2,31.6,Severe pedological / environmental divergence
2000,Rice,Finger Millet,0.1153,0.0997,4,False,True,Pearl Millet,Telangana,Kharif,7.73,994.6,27.0,Moderate ecological ambiguity (Top-5 compatible)
2002,Sorghum,Chickpea,0.1787,0.0784,5,False,True,Wheat,Madhya Pradesh,Rabi,7.65,140.8,23.2,Moderate ecological ambiguity (Top-5 compatible)
2003,Pigeonpea,Wheat,0.1325,0.0221,14,False,False,Chickpea,Andhra Pradesh,Rabi,6.19,149.8,21.5,Severe pedological / environmental divergence
2004,Sesamum,Rice,0.1661,0.0809,6,False,False,Moong,West Bengal,Summer,6.48,191.5,34.6,Majority class bias under moderate rainfall
2005,Rice,Wheat,0.2227,0.1482,2,True,True,Rice,Meghalaya,Rabi,7.99,505.6,23.0,Near-boundary Top-3 tie (Agro-climatic niche overlap)
2006,Urad,Rice,0.2027,0.0745,6,False,False,Maize,West Bengal,Kharif,6.02,1516.4,28.6,Majority class bias under moderate rainfall
2007,Moong,Rice,0.2111,0.034,9,False,False,Cotton,Arunachal Pradesh,Kharif,7.26,2198.2,25.0,Majority class bias under moderate rainfall
2009,Maize,Rice,0.1322,0.1077,2,True,True,Maize,Haryana,Kharif,7.39,481.7,27.5,Near-boundary Top-3 tie (Agro-climatic niche overlap)
2010,Mustard,Wheat,0.218,0.209,2,True,True,Mustard,Bihar,Rabi,7.22,153.1,20.0,Near-boundary Top-3 tie (Agro-climatic niche overlap)
2011,Rice,Pearl Millet,0.1127,0.1091,2,True,True,Rice,Maharashtra,Kharif,7.94,746.9,30.4,Near-boundary Top-3 tie (Agro-climatic niche overlap)
2012,Maize,Groundnut,0.1063,0.0919,5,False,True,Rice,Uttar Pradesh,Kharif,7.82,629.8,31.4,Moderate ecological ambiguity (Top-5 compatible)
2014,Sorghum,Maize,0.1396,0.0574,10,False,False,Rice,Bihar,Kharif,7.56,814.9,31.0,Severe pedological / environmental divergence
2015,Groundnut,Mustard,0.2044,0.0395,8,False,False,Rice,Tripura,Rabi,7.38,406.6,23.9,Severe pedological / environmental divergence
2016,Finger Millet,Rice,0.1078,0.1029,2,True,True,Finger Millet,Tamil Nadu,Kharif,6.65,700.7,29.8,Near-boundary Top-3 tie (Agro-climatic niche overlap)
2018,Pearl Millet,Maize,0.1127,0.0772,6,False,False,Finger Millet,Andhra Pradesh,Kharif,6.29,738.9,31.4,Severe pedological / environmental divergence
